:0400000500000A816C
:020000040000FA
:1000000000040020810A000015070000610A0000BA
:100010001F07000029070000330700000000000050
:10002000000000000000000000000000A50A000021
:100030003D070000000000004707000051070000D6
:100040005B070000650700006F07000079070000EC
:10005000830700008D07000097070000A10700003C
:10006000AB070000B5070000BF070000C90700008C
:10007000D3070000DD070000E7070000F1070000DC
:10008000FB070000050800000F0800001908000029
:10009000230800002D080000370800004108000078
:1000A0004B080000550800005F08000069080000C8
:1000B000730800007D080000870800009108000018
:1000C0009B080000A5080000AF080000B908000068
:1000D000C3080000CD080000D7080000E1080000B8
:1000E000EB080000F5080000FF0800000909000007
:1000F000130900001D090000270900003109000054
:100100003B0900001FB500F003F88DE80F001FBD8C
:1001100000F0ACBC40F6FC7108684FF01022401CA7
:1001200008D00868401C09D00868401C04D0086842
:1001300000F037BA9069F5E79069F9E7704770B554
:100140000B46010B184400F6FF70040B4FF0805073
:100150000022090303692403406943431D1B104621
:1001600000F048FA29462046BDE8704000F042BA47
:10017000F0B54FF6FF734FF4B4751A466E1E11E0DA
:10018000A94201D3344600E00C46091B30F8027B3B
:10019000641E3B441A44F9D19CB204EB134394B25D
:1001A00004EB12420029EBD198B200EB134002EBB2
:1001B000124140EA0140F0BDF34992B00446D1E952
:1001C0000001CDE91001FF224021684600F0F4FB58
:1001D00094E80F008DE80F00684610A902E004C8FB
:1001E00041F8042D8842FAD110216846FFF7C0FF7C
:1001F0001090AA208DF8440000F099F9FFF78AFFCB
:1002000040F6FC7420684FF01025401C0FD0206889
:1002100010226946803000F078F92068401C08D030
:100220002068082210A900F070F900F061F9A869AF
:10023000EEE7A869F5E74FF080500369406940F6A2
:10024000FC71434308684FF01022401C06D0086838
:1002500000F58050834203D2092070479069F7E788
:100260000868401C04D00868401C03D00020704778
:100270009069F9E70420704770B504460068C34DE3
:10028000072876D2DFE800F033041929631E250021
:10029000D4E9026564682946304600F062F92A46CE
:1002A0002146304600F031F9AA002146304600F0E0
:1002B00057FB002800D0032070BD00F009FC4FF46C
:1002C000805007E0201D00F040F90028F4D100F034
:1002D000FFFB60682860002070BD241D94E80700C3
:1002E000920000F03DFB0028F6D00E2070BDFFF715
:1002F000A2FF0028FAD1D4E901034FF0805100EBAE
:10030000830208694D69684382420ED840F6F8704E
:1003100005684FF010226D1C09D0056805EB8305B8
:100320000B6949694B439D4203D9092070BD55694A
:10033000F4E70168491C03D00068401C02D003E0C8
:100340005069FAE70F2070BD2046FFF735FFFFF731
:1003500072FF0028F7D1201D00F0F7F80028F2D135
:1003600060680028F0D100F0E2F8FFF7D3FE00F05B
:10037000BFF8072070BD10B50C46182802D0012028
:10038000086010BD2068FFF777FF206010BD41684E
:10039000054609B1012700E0002740F6F8742068FF
:1003A0004FF01026401C2BD02068AA68920000F065
:1003B000D7FA38B3A86881002068401C27D020688D
:1003C000FFF7BDFED7B12068401C22D026684FF051
:1003D0008050AC686D68016942695143A9420DD9EA
:1003E000016940694143A14208D92146304600F0E5
:1003F000B8F822462946304600F087F800F078F831
:100400007069D2E700F093F8FFF784FEF6E77069B1
:10041000D6E77669DBE740F6FC7420684FF01026DB
:10042000401C23D02068401C0CD02068401C1FD0EA
:100430002568206805F18005401C1BD027683879A5
:10044000AA2819D040F6F8700168491C42D001680A
:10045000491C45D00168491C3ED001680968491C07
:100460003ED00168491C39D000683EE0B069DAE747
:10047000B569DEE7B769E2E710212846FFF778FEA5
:100480003968814222D12068401C05D0D4F8001080
:1004900001F18002C03107E0B169F9E730B108CA63
:1004A00051F8040D984201D1012000E000208A4259
:1004B000F4D158B1286810B1042803D0FEE72846CB
:1004C000FFF765FF3149686808600EE0FFF722FE1C
:1004D00000F00EF87169BBE77169BFE7706904E06D
:1004E0004FF480500168491C01D000F0CBFAFEE7C0
:1004F000BFF34F8F26480168264A01F4E06111439B
:100500000160BFF34F8F00BFFDE72DE9F0411746B3
:100510000D460646002406E03046296800F054F8EF
:10052000641C2D1D361DBC42F6D3BDE8F08140F69B
:10053000FC700168491C04D0D0F800004FF48051D1
:10054000FDE54FF010208069F8E74FF080510A690F
:10055000496900684A43824201D810207047002050
:10056000704770B50C4605464FF4806608E0284693
:1005700000F017F8B44205D3A4F5806405F5805562
:10058000002CF4D170BD0000F40A0000000000202F
:100590000CED00E00400FA05144801680029FCD0C5
:1005A0007047134A0221116010490B68002BFCD0E0
:1005B0000F4B1B1D186008680028FCD0002010603D
:1005C00008680028FCD07047094B10B501221A605A
:1005D000064A1468002CFCD0016010680028FCD08A
:1005E0000020186010680028FCD010BD00E4014015
:1005F00004E5014070B50C46054600F073F810B9EB
:1006000000F07EF828B121462846BDE8704000F091
:1006100007B821462846BDE8704000F037B8000012
:100620007FB5002200920192029203920A0B000B06
:100630006946012302440AE0440900F01F0651F80C
:10064000245003FA06F6354341F82450401C8242F8
:10065000F2D80D490868009A10430860081D016827
:10066000019A1143016000F03DF800280AD00649C4
:1006700010310868029A10430860091D0868039A3F
:10068000104308607FBD00000006004030B50F4CED
:10069000002200BF04EB0213D3F800582DB9D3F8A1
:1006A000045815B9D3F808581DB1521C082AF1D3C3
:1006B00030BD082AFCD204EB0212C2F80008C3F8CD
:1006C00004180220C3F8080830BD000000E0014013
:1006D0004FF08050D0F83001082801D0002070473A
:1006E000012070474FF08050D0F83011062905D016
:1006F000D0F83001401C01D0002070470120704725
:100700004FF08050D0F830010A2801D00020704707
:100710000120704708208F490968095808471020B0
:100720008C4909680958084714208A4909680958FA
:100730000847182087490968095808473020854923
:100740000968095808473820824909680958084744
:100750003C20804909680958084740207D490968BC
:100760000958084744207B49096809580847482028
:1007700078490968095808474C207649096809589A
:10078000084750207349096809580847542071499F
:1007900009680958084758206E49096809580847E8
:1007A0005C206C4909680958084760206949096854
:1007B00009580847642067490968095808476820AC
:1007C00064490968095808476C2062490968095852
:1007D000084770205F4909680958084774205D4937
:1007E00009680958084778205A490968095808478C
:1007F0007C205849096809580847802055490968EC
:10080000095808478420534909680958084788202F
:1008100050490968095808478C204E490968095809
:10082000084790204B4909680958084794204949CE
:10083000096809580847982046490968095808472F
:100840009C204449096809580847A0204149096883
:1008500009580847A4203F49096809580847A820B3
:100860003C49096809580847AC203A4909680958C1
:100870000847B0203749096809580847B420354966
:10088000096809580847B8203249096809580847D3
:10089000BC203049096809580847C0202D4909681B
:1008A00009580847C4202B49096809580847C82037
:1008B0002849096809580847CC2026490968095879
:1008C0000847D0202349096809580847D4202149FE
:1008D000096809580847D8201E4909680958084777
:1008E000DC201C49096809580847E02019490968B3
:1008F00009580847E4201749096809580847E820BB
:100900001449096809580847EC2012490968095830
:100910000847F0200F49096809580847F4200D4995
:10092000096809580847F8200A490968095808471A
:10093000FC2008490968095808475FF48070054998
:10094000096809580847000003480449024A034B54
:100950007047000000000020000B0000000B0000AA
:1009600040EA010310B59B070FD1042A0DD310C82C
:1009700008C9121F9C42F8D020BA19BA884201D97E
:10098000012010BD4FF0FF3010BD1AB1D30703D0C6
:10099000521C07E0002010BD10F8013B11F8014B7C
:1009A0001B1B07D110F8013B11F8014B1B1B01D198
:1009B000921EF1D1184610BD02F0FF0343EA032254
:1009C00042EA024200F005B87047704770474FF0A6
:1009D00000020429C0F0128010F0030C00F01B800C
:1009E000CCF1040CBCF1020F18BF00F8012BA8BF1A
:1009F00020F8022BA1EB0C0100F00DB85FEAC17CDE
:100A000024BF00F8012B00F8012B48BF00F8012B90
:100A100070474FF0000200B51346944696462039C1
:100A200022BFA0E80C50A0E80C50B1F12001BFF4A7
:100A3000F7AF090728BFA0E80C5048BF0CC05DF80D
:100A400004EB890028BF40F8042B08BF704748BF5B
:100A500020F8022B11F0804F18BF00F8012B7047CF
:100A6000014B1B68DB6818470000002009480A4951
:100A70007047FFF7FBFFFFF745FB00BD20BFFDE719
:100A8000064B1847064A1060016881F308884068E1
:100A900000470000000B0000000B000017040000DE
:100AA000000000201EF0040F0CBFEFF30881EFF3ED
:100AB0000981886902380078182803D100E0000015
:100AC000074A1047074A12682C3212681047000084
:100AD00000B5054B1B68054A9B58984700BD0000B0
:100AE0007703000000000020F00A0000040000006E
:100AF000001000000000000000FFFFFF0090D00386
:02000004000FEB
:10400000000004201DB50F0045B50F0047B50F0097
:1040100049B50F004BB50F004DB50F000000000073
:10402000000000000000000000000000FD420F0042
:1040300051B50F000000000053B50F003D4C0F00BC
:10404000514D0F0057B50F0057B50F0057B50F0072
:1040500057B50F0057B50F0057B50F0057B50F00F4
:1040600057B50F0057B50F0057B50F0057B50F00E4
:1040700057B50F0057B50F0057B50F0057B50F00D4
:1040800057B50F0051750F0057B50F0057B50F000A
:104090000D760F0057B50F0095490F0057B50F006B
:1040A00057B50F0057B50F0057B50F0057B50F00A4
:1040B00057B50F0057B50F000000000000000000CA
:1040C00057B50F0057B50F0057B50F0057B50F0084
:1040D00057B50F0057B50F0057B50F00098C0F00EB
:1040E00057B50F0057B50F0057B50F00000000007F
:1040F0000000000057B50F000000000057B50F008A
:1041000000000000000000000000000000000000AF
:10411000000000000000000000000000000000009F
:10412000000000000000000000000000000000008F
:10413000000000000000000000000000000000007F
:10414000000000000000000000000000000000006F
:10415000000000000000000000000000000000005F
:10416000000000000000000000000000000000004F
:10417000000000000000000000000000000000003F
:10418000000000000000000000000000000000002F
:10419000000000000000000000000000000000001F
:1041A000000000000000000000000000000000000F
:1041B00000000000000000000000000000000000FF
:1041C00000000000000000000000000000000000EF
:1041D00000000000000000000000000000000000DF
:1041E00000000000000000000000000000000000CF
:1041F00000000000000000000000000000000000BF
:1042000010B5054C237833B9044B13B10448AFF310
:1042100000800123237010BD9C820020000000005C
:1042200060C30F0008B5034B1BB103490348AFF34C
:10423000008008BD00000000A082002060C30F00C5
:10424000A3F5803A704700BF154B002B08BF114BF8
:104250009D46FFF7F5FF00218B460F461148124A95
:10426000121A07F0A7FA0C4B002B00D098470B4B03
:10427000002B00D098470020002104000D000B48BF
:1042800007F06AF907F01CFB2000290000F06EF926
:1042900007F068F9000008000000000000000000BE
:1042A000000004209C820020ACE0002011B90F0027
:1042B00010B50C46E0B90968C1B10E48814207D07B
:1042C000431A3B2B0ED83C235A5CC254013BFBD211
:1042D000084800223C2103F091FC074B1880002382
:1042E000236010BD3C2207F099FBF1E70E23F7E7AE
:1042F0000123F5E7827F0020807F0020074A6FF0CE
:1043000002039E4502D1EFF3098101E0EFF308813A
:104310008869A0F102000078104700BFB1420F0089
:1043200038B50446A8B13C210C48002203F066FCD5
:104330000B490B8883420ED1084A02F13C0052F827
:10434000045B44F8045B8242F9D101330B80002006
:1043500038BD0E20FCE70B20FAE700BF827F00206B
:10436000807F00200B2970B50446154608462BD9DE
:104370002389053304EB43012044431ADAB2012AAE
:1043800022D9814220D8134807F048FB2388522BBA
:104390001CD1AB0704D062884CF668639A4215D1F1
:1043A00034F8081F00234FF6FE704FF44055994231
:1043B00001D80B2070BD34F8022F824208D0AE899C
:1043C000964205D00133F2E70920F3E70F20F1E729
:1043D0000020EFE7B882002008B5002203F00EFCB1
:1043E000034B1B88834214BF0B20002008BD00BF75
:1043F000B882002070B54C1E20F47F66240B26F096
:104400000F060134002506EB0530013500F0FCFCF9
:10441000AC42F8D870BD000038B50C4C21684B1C7C
:10442000054612D00A484FF4805207F0FDF848B113
:1044300015B1206800F0E8FC054920684FF480625F
:1044400000F002FD4FF0FF33236038BD00800020F4
:10445000208300202DE9F84FDFF858B0DFF858909E
:10446000DFF858A005460F46144698460CB9BDE83B
:10447000F88FD9F8003005EA0B06B3420AD040465F
:10448000FFF7CAFF4FF4805231465046C9F800602A
:1044900007F0C4FAC5F30B00C0F58056A64228BF4A
:1044A000264639463246504407F0B8FAA41B354434
:1044B0003744DBE700F0FFFF00800020208300206E
:1044C000BFF34F8F0549064BCA6802F4E0621343FD
:1044D000CB60BFF34F8F00BFFDE700BF00ED00E0F2
:1044E0000400FA054BDF704710DF704711DF70479B
:1044F00012DF704713DF704718DF70478FDF704798
:1045000060DF704769DF704761DF704767DF7047C2
:104510001FB50023CDE901330393684602230093BE
:10452000FFF7EAFF05B05DF804FB07B500230DF1C6
:1045300007008DF80730FFF7DBFF9DF80730012BF0
:1045400001D1FFF7D3FF03B05DF804FB08B54FF0CE
:10455000E023D3F8F03DDB0700D500BEFFF7B0FF46
:10456000014B1878704700BF239300202DE9F04FCE
:10457000B44B4FF4306289B0C3F8402500F072FAB2
:1045800000F034FF002000F061FB00F0B5FF48B1FF
:10459000052000F05BFB00F0C1FF00F0E5FF062006
:1045A00000F054FB4FF08043A74FD3F81C45B12CCB
:1045B0000CBF012300233B704ED0A4F1A8014B4255
:1045C0004B41DFF8B0824FF0804288F80030D2F8DB
:1045D000001401F0010B002B40F050814E2C3DD017
:1045E000572C3BD0994B1B681A68994B9A4203D1C0
:1045F000BBF1000F40F042816D2C4FF0000530D12F
:104600004FF08043C3F81C5500F0E8FE044600F06C
:10461000AFFABCB900F0AAFDA0B100F06DFF88B9F7
:104620004FF440535A688B4B9A4205D13B780BB9F3
:10463000FFF76EFFFFF779FF844B1B6800221A60BB
:1046400000F02EFF844B1B7823B14FF08043A8224B
:10465000C3F81C25FFF734FF0123B2E7C2F81C356D
:10466000012500F083FDDFF8ECA1784ADFF808921D
:10467000064628B125B913681968784B994211D0BC
:104680004FF440514B6853450ABF8B684FF4905329
:1046900003F500731B684B4500F007811DB9002E20
:1046A00040F0F58000254FF4405112684B685345A7
:1046B0000ABF8B684FF4905303F500731968674B7A
:1046C000494518BF002313600DB9002E9CD198F8FE
:1046D0000030002B00F0EF80082000F0B7FA3B78A4
:1046E0000BB9FFF715FF01234FF474203B70FFF760
:1046F00001FF5B4B5B491868019001A8FFF7F4FECE
:10470000594991F81623EC2352091341DA0708D5C9
:10471000564B9A68002A00F0CA801A6842F4800258
:104720001A60534B02930C22002105A807F042F8AF
:1047300040F20113029A059305A94020FFF7E2FE1B
:104740000C22002105A807F035F89DF81430029AD4
:1047500043F0010305A9A0208DF81430FFF7D2FE25
:104760000C22002105A807F025F80125F723029A5D
:10477000ADF8163005A923208DF81450FFF7C2FEBE
:104780000C22002105A807F015F80C26029A8DF8D6
:10479000145005A920208DF81650ADF81860FFF7C9
:1047A000B1FE3246002105A807F004F8029A8DF800
:1047B000145005A922208DF81660FFF7A3FE32469B
:1047C000002105A806F0F6FF029A8DF8145005A9FD
:1047D000022521208DF81650FFF794FE02A8FFF75E
:1047E0008FFE002108220DEB060006F0E3FF9DF886
:1047F0000C300DEB060143F0010328468DF80C3018
:10480000FFF784FE4FF4405398F800005A68524571
:104810000ABF9B684FF4905303F500731B684B4528
:1048200003D0572C01D04E2C4FD1012240F6B83185
:1048300000F0F4FD98F80030002B49D0FFF775FE2A
:10484000E2E600BF00A0004020930020048000208A
:10485000D51A5A00DBE5B151219300207E67E54E61
:1048600026C10F004D450F0000E100E0889A0020AE
:1048700000800020239300207CB0EE874FF080431F
:1048800000226D2CC3F81C257FF4EAAEBCE6BBF118
:10489000000F3FF407AF13680F4919600F4B104822
:1048A00043F0010398470F4AFCE60125FBE64FF46D
:1048B00080030B6035E7022000F0C8F9A4F14E0335
:1048C0005842584104F0A4F99CE700221146AFE792
:1048D00004F0EEF998E600BFD51A5A0020C10F0087
:1048E0000048E8010480002010B5FEB04FF4FA73D0
:1048F000ADF802300DF10201002301A8ADF804303B
:10490000FFF702FE044640B9BDF80430102B07D073
:10491000112B15D001A801F085FA20467EB010BDFC
:10492000ADF800006946BDF80800FFF7E7FD064A4C
:1049300001231370054A0720137000F087F9E9E797
:10494000014B18700820F8E72293002021930020E3
:1049500013B5002301A80193FFF7C4FD044650B925
:10496000019802F0A7FC019B093B022B03D8034AE4
:10497000D05604F0E9FD204602B010BD14C10F006E
:1049800008B5FFF7B1FF0528FBD1FFF7E1FF0528C8
:10499000F7D108BD0021024A084603F04FB800BF16
:1049A00081490F007047704700234FF0FF3283604A
:1049B000C0F80035C0F86025C0F86425C0F8682547
:1049C000C0F86C2540F2FF32C0F80435C0F8082565
:1049D000C0F80C35C0F81035C0F81435C0F82035D3
:1049E000C0F82435704700001B4B00221F2930B54A
:1049F000C3F800258BBF01F01F030B46174A4FF089
:104A0000A04203F5E074032542F82450012404FA7F
:104A100003F3C2F80C3500F5AC700F4B002243F8DD
:104A20002010FF21C3F804250220C3F80815042133
:104A3000C3F80C15C3F810050948C3F81425C3F8CA
:104A40002005C3F82415C3F82825C3F82C25C3F87E
:104A50000045C3F8102130BD00C0014000030050E4
:104A60001C9500204FF0804310B501220024DA602D
:104A7000C3F818459A60354B4FF4C8501343984714
:104A80000F212046FFF7B0FFFFF78CFF304BC3F834
:104A90000445D3F80024002AFBD04FF01022D2F8AE
:104AA000042302F00702072A2DD10122C3F80425AE
:104AB000274AD2F80034002BFBD04FF01021D1F858
:104AC000043323F0070343F00503C1F80433002344
:104AD000C2F80435D2F80034002BFBD04FF010237D
:104AE000D3F8043303F00703052B0CD1BFF34F8F2A
:104AF0001849194BCA6802F4E0621343CB60BFF354
:104B00004F8F00BFFDE7154A1E21082002F072FFFB
:104B100008B103F02BF802F0D3FE0E49104BE02051
:104B200081F823001B684FF47A72B3FBF2F3013B68
:104B3000B3F1807F08D24FF0E0225361002381F867
:104B4000230093610723136110BD00BF30C10F0024
:104B500000E0014000ED00E00400FA05249300208D
:104B6000088000200148FFF71FBF00BF00C00140C0
:104B70004FF0E023002110B51961FFF7F3FF154B4B
:104B8000154C4FF40032C3F8802003F1C04303F505
:104B90003C534FF48032C3F84823C3F80823012262
:104BA0005A609A604FF080430220DA600B461F2B58
:104BB000D5BF1A4603F01F024FF0A041214602F56F
:104BC000E0720133302B41F82200F0D1FFF7EBFE09
:104BD00010BD00BF00E100E000030050074B82B0B1
:104BE00023F81010064B0022C3F81021D3F810212F
:104BF0000192019A01229A6002B070471C95002030
:104C000000C001400B4A0C4B11681B68B1FBF3F26A
:104C100003FB1211B1EB530F4FEA530288BF591A2D
:104C20004F235943B1FBF2F1C1F1FF0189B20020DA
:104C3000FFF7D4BF2495002018950020024A13687E
:104C400001331360FFF7DEBF249500201B4A116873
:104C5000082823D8DFE800F013051322221A1E24A7
:104C60002A00174B40F6B83018604FF47F4303F02A
:104C7000103323F08053994218BF13607047104BD4
:104C80004FF4967018604FF47F03F0E70C4B6422EA
:104C90001A6070470A4B40F6B83018600B46E6E7DA
:104CA000074B40F6B8301860FF23E0E7044B4FF4A1
:104CB000967018604FF0FF13D9E700BF14950020DD
:104CC0001895002000F1804382B01A68002A14BFB2
:104CD0000120002004D000221A601B680193019B70
:104CE00002B070470F4A1378D3B903784FF0804170
:104CF000C3F34003C1F88035037803F00103C1F822
:104D00007835094B1968C90706D4E02183F80013E8
:104D10000121C3F880111960012304481370704702
:104D2000034870473495002000E100E00000AD0B1F
:104D30000C00AD0B014B02681A60704728950020EB
:104D40004FF080434FF46072C3F8042370470000B3
:104D500010B54FF08043D3F80443620707D54FF4F2
:104D60008470FFF7AFFF10B11E4B1B689847A30676
:104D700008D54FF48A70FFF7A5FF18B11A4B002031
:104D80001B689847600608D54FF48C70FFF79AFFB0
:104D900018B1154B01201B689847210608D54FF420
:104DA0008E70FFF78FFF18B1104B00201B689847DB
:104DB000E20508D54FF49070FFF784FF18B10B4B54
:104DC00001201B689847A3050AD54FF49270FFF79E
:104DD00079FF28B1054BBDE810401B680220184739
:104DE00010BD00BF309500202C9500202895002094
:104DF000044AD2F80034DB07FBD50160BFF35F8FB4
:104E0000704700BF00E001404FF080531A69B0FBCB
:104E1000F2F302FB130373B9084B0222C3F8042513
:104E2000C3F80805D3F80024D207FBD500220448B4
:104E3000C3F8042570470348704700BF00E00140F5
:104E40000000AD0B0A00AD0BF8B50B4B1546012267
:104E500006460F46C3F804250024A54204D1064B9C
:104E60000022C3F80425F8BD57F8241006EB84008F
:104E7000FFF7BEFF0134F0E700E00140BFF34F8FC2
:104E80000549064BCA6802F4E0621343CB60BFF3E6
:104E90004F8F00BFFDE700BF00ED00E00400FA0502
:104EA0004FF08053D3F83021082A03BFD3F83401E0
:104EB000B0FA80F0400900207047000008B54FF0BC
:104EC0008053D3F83021082A4ED14FF08042002180
:104ED000C2F80C11C2F81011C2F8381502F54042A0
:104EE000D3F80414C2F82015D3F80814C2F8241516
:104EF000D3F80C14C2F82815D3F81014C2F82C15E6
:104F0000D3F81414C2F83015D3F81814C2F83415B5
:104F1000D3F81C14C2F84015D3F82014C2F8441575
:104F2000D3F82414C2F84815D3F82814C2F84C1545
:104F3000D3F82C14C2F85015D3F83014C2F8541515
:104F4000D3F83414C2F86015D3F83814C2F86415D5
:104F5000D3F83C14C2F86815D3F84014C2F86C15A5
:104F6000D3F84434C2F87035FFF79AFF18B1484BB4
:104F7000484AC3F88C26FFF793FF18B1464BFB2233
:104F8000C3F81825FFF78CFF58B14FF080424FF05F
:104F90008051D2F8E43ED1F8581261F30303C2F80D
:104FA000E43EFFF77DFF20B13C4B4FF40072C3F8A5
:104FB00040264FF08053D3F83031082B09D14FF001
:104FC0008043D3F80024D10744BF6FF00102C3F837
:104FD0000024334AD2F8883043F47003C2F8883092
:104FE000BFF34F8FBFF36F8F4FF01023D3F80C2216
:104FF000D2071DD52B4B0122C3F80425D3F800247A
:10500000002AFBD04FF01022D2F80C3223F001031B
:10501000C2F80C32234BD3F80024002AFBD0002224
:10502000C3F80425D3F80024002AFBD0FFF726FF9D
:10503000D3F80022002A03DBD3F80432002B22DA53
:10504000184B0122C3F80425D3F80024002AFBD012
:105050004FF010221221C2F80012D3F80024002AC7
:10506000FBD04FF010231222C3F804220D4BD3F8CB
:105070000024002AFBD00022C3F80425D3F8002422
:10508000002AFBD0D2E7084B084A1A6008BD00BFCF
:10509000005000404881030000F0004000900240B2
:1050A00000ED00E000E00140088000200090D00307
:1050B00013DF704718DF7047064B10461A78012A35
:1050C00003D1012904BF02221A7008B102F04EBDBB
:1050D000704700BF7795002038B5FFF741FA10B34D
:1050E000194C1C21204602F075F9042804D1FFF761
:1050F0002FFC0528FBD1F4E708B102F037FD134C73
:10510000114D00231C222146284602F053F90428A1
:1051100004D1FFF71DFC0528FBD1F2E798B1BDE8EB
:10512000384002F023BD4FF47F20FFF76DFE0722C9
:1051300006494FF47F20FFF787FE054B1A78012AB6
:1051400004BF02221A7038BD7895002038950020DF
:1051500077950020014B01221A707047749500204A
:10516000014B01221A7070477595002073B54FF4FA
:105170004053254A596891420CBF9D684FF48055B1
:10518000D5E9006406EA0403013302D1002002B02D
:1051900070BD01A800F01AFA019B1A88012A0CD1EF
:1051A000588820B199680022284602F027FD019B0B
:1051B0005B881B1A58425841E9E74FF6FF739A4241
:1051C000E4D14FF08053B6F1005FD3F80C3117D320
:1051D0009B0203F100539E4212D816F0030F0CBF3E
:1051E0000123002314F0010006D0A5420AD8B4F52B
:1051F000742F2CBF00200120002B08BF0020C6E721
:105200000023EFE70020F7E7DBE5B15184B02DE99B
:10521000F34108AC84E80F009DF82080BDF82270AF
:1052200001A80E4615461C4600F0D0F9B8F1060F4D
:1052300051D8DFE808F004102F2158456100314BA8
:105240000122FF215F809C601A8099802E4B1A708A
:10525000FFF742FF3FE02B4B721922449A60A522D0
:105260001A80C3E90365FF229A800C9A5F805C6113
:105270009A61254B0122EAE7019A224B1188198095
:10528000518892689A60AA22C3E9036559809A807E
:105290005C61EEE7019A1B4B1188A5290AD1002217
:1052A0009A60FF221A60FF229A800022C3E903223B
:1052B0005A61DEE719805188926859809A60F2E756
:1052C000FFF74EF960B100F05DFE08B102F04EFC50
:1052D0000D4B03221A7002B0BDE8F04104B07047D4
:1052E00000F0A0FAF1E7074B00229A60FF221A6053
:1052F000019A92889A80ABE79DF83430024A0433D1
:105300001370E8E7389500207795002000B589B044
:1053100005238DF8083008AB13E903008DE803007E
:1053200002AB0FCBFFF772FF09B05DF804FB000082
:1053300070B51B4C1B4D1C4ED4F800347BB1C4F827
:105340000056C4F80456C4F80856C4F80C56C4F8FD
:105350001056C4F81456C4F81856C4F81C5602F077
:10536000D7FB06F098F820B104F0B6FE002005F057
:10537000BFFA33786BB10D4B1B7853B14FF08043BC
:10538000D3F83834DB0704D4094B1B780BB9FFF78B
:10539000BDFF084B1B78023B032BCDD870BD00BF6F
:1053A000000001403546526E76950020759500202C
:1053B0007495002077950020054B1B7813B1054BA1
:1053C0001B7823B9044B1B780BB9FFF79FBF7047BD
:1053D000769500207595002074950020024B187872
:1053E000431F584258417047779500201FB500234E
:1053F000CDE90233074B019301F0ACFF30B9064908
:105400004FF47F2301A84B6001F0C2FF05B05DF8A7
:1054100004FB00BFB9500F007895002070B5054619
:105420000E460AB180F00102174B02F001021A7019
:10543000164A00231370164A137001F07BF80446D5
:1054400028B935B100F0FCFC0446FFF771FF204697
:1054500070BDAEB10F4A1048294602F061FA4FF410
:1054600000444FF4FA7029464FF47A720023E6FBA9
:10547000040106F0D7FC2A460146084802F062FA09
:1054800000F0ACF9E0E700BF7695002075950020AC
:1054900074950020B9530F0048C10F0054950020A7
:1054A0001FB5134B4FF0FF32C3F88020C3F88021A3
:1054B0004FF440530F4A596891420DD19C682046E1
:1054C000FFF7F6FD10B14FF000531C60204604B00A
:1054D000BDE8104000F0C6B80023CDE902334FF418
:1054E000805406236846CDE90034FFF7E3FDE9E781
:1054F00000E100E0DBE5B15107B501A800F066F876
:10550000019B1A88A52A07D09888A0F1AA035842BF
:10551000584103B05DF804FB0120FAE710B501F033
:10552000ADFAA8B10E4B0F4843F00103984701F0C4
:10553000E3F908B102F01AFB01F0A0FA08B102F099
:1055400015FB01F025FA044638B102F00FFB04E028
:1055500001F042FA04460028E4D1204610BD00BF05
:1055600040C10F0000A8610000B589B002AB18224D
:105570000021184606F01EF902228DF8082008AA1C
:10558000034612E903008DE803000FCBFFF73EFE50
:10559000FFF7CEFE002009B05DF804FB13B504460A
:1055A00001A800F013F8019B1A8822805A886280B3
:1055B0009A68A2609A88A280DA68E2601A69226119
:1055C0005A6962619B69A36102B010BD014B03601F
:1055D000704700BF00F00F00F0B50346002585F3CB
:1055E000148885F3108885F3118885F3138818686B
:1055F00080F308885868FF2464B2EFF30585002D16
:1056000001D1A64600472546064621273FBAF0B4F9
:105610000024002500260027F0B4F92040B20047FE
:10562000F0BD00BF70B50E4C226800230225072A8A
:1056300002D903B1226070BD130103F1804303F569
:10564000F4330132186059609D601E68B04205D184
:105650005E68B14202D19B68022BEBD00123E6E7E2
:105660008095002010B54FF4805104460020FFF7CC
:10567000D9FF4FF474204FF44041FFF7D3FF204689
:10568000BDE81040FFF7A8BFF7B500230DF10201F8
:1056900001A8ADF80230019302F0EAFE034600BB18
:1056A000019805785DB3184A92F83010032928D084
:1056B0000C2707FB03F416191159E1B992F83030A1
:1056C00015510133DBB282F83030BDF802300F4A99
:1056D00004309B08013BB0600846736002F0AEF9ED
:1056E0000346019828B123B102F0DEFE08B102F0B2
:1056F0003DFA03B0F0BD0133042BDAD1F1E7072303
:10570000EFE70423EDE700BF8495002055570F0015
:10571000084609B102F02ABA7047000010B50C2300
:1057200043430B4AD418D158A06879B192F830108D
:105730000139C9B282F8301004380021C4E90111DE
:10574000D15002F0B1FE08B102F010FA002010BDF5
:105750008495002070B5FFF7FDFC1F4E96F83030A1
:1057600003B970BD1C4C0025236883B1013B042B99
:1057700007D8DFE803F01C0612032800204600F0DB
:1057800089FFE8B2FFF7CAFF08B102F0EFF901356F
:10579000042D04F10C04E7D1E0E7A3686360204620
:1057A00000F018FF0028ECD002F0E0F9E9E720460D
:1057B00001F008F800F0E4FF08B102F0D7F9052085
:1057C000FFF744FADDE701F02FF801F051F8BDE8EA
:1057D00070400620FFF73ABA8495002008B50E4BBA
:1057E000002283F8302004210139C3E901221A6024
:1057F00003F10C03F8D1094800F0E6FE02F0D0FDF9
:1058000008B102F0B3F9064802F0B6FD08B102F0A3
:10581000ADF9002008BD00BF8495002011570F008E
:1058200089560F0008B50020FFF778FF0120FFF729
:1058300075FF0220FFF772FF0320FFF76FFFBDE83F
:10584000084002F0F5BD006870476CDF70476DDFFF
:1058500070476EDF70476FDF704772DF704773DF2E
:10586000704774DF704775DF704776DF704777DF0A
:1058700070477ADF70477CDF70477FDF704786DFD5
:1058800070478FDF704790DF7047AFDF7047B0DF42
:105890007047B1DF7047B2DF7047B5DF704764DF34
:1058A000704766DF704767DF70470C280AD8DFE86B
:1058B00000F00709090909090B091409090F0D006E
:1058C000012070470620704703207047042070476E
:1058D00004290CBF0520062070470220704702F003
:1058E00045B9000007B508220021684605F062FFAF
:1058F000074B1B88ADF80030694600232120ADF826
:1059000002300193FFF7CFFF03B05DF804FB00BF47
:105910001480002010B5044608460321FFF7C5FF98
:105920000246204601F082FA18B1BDE8104002F0AC
:105930001DB910BD032838B50C46154624D00428DF
:105940002AD179B1FFF7CEFF144B18884FF6FF73B9
:10595000984221D01321FFF788FFE8B1BDE8384015
:1059600002F004B9104602F0A7F908B102F0FEF8FF
:105970000B4B1B689D420FD1FFF7B4FF012203219F
:10598000084801F053FAE8E7FFF7ACFF0121204691
:10599000FFF78BFF0246F3E738BD00BF14800020FD
:1059A000F095002048960020F8B50A4DAB889E1867
:1059B0001D2E14460DDC2F68FE1802F1010C07F8AD
:1059C00003C07070B01C06F029F8AB8802331C4489
:1059D000AC80F8BDD8950020F0B54D4E347893B02A
:1059E000002C40F091804B4D10222146284605F0B6
:1059F000E1FE494B2B60182221460CA805F0DAFE87
:105A000001238DF8303028230E93444B1B78002B54
:105A10007CD0434B02AC03F110051868596822464C
:105A200003C20833AB421446F7D13E48102202A904
:105A300005F0FAFD002869D03B483C4C0460012188
:105A4000FFF707FF08B102F091F8364B06AA03F101
:105A5000100C174618685968154603C50833634586
:105A60002A46F7D12068A2880A903148A379ADF878
:105A70002C20002101228DF82E300760FFF7EBFE6D
:105A800008B102F073F803238DF8443004238DF835
:105A9000063041F23053ADF80830264B06AA9B7908
:105AA0008DF80A300DF1070102A8FFF7F8FE012278
:105AB00010460DF10601FFF777FF1F4806F060F86A
:105AC0001D49C2B20920FFF76FFF102206A9062068
:105AD000FFF76AFF0F4919480CAAFFF7BEFE08B18D
:105AE00002F044F8154C042221780120FFF7BFFE94
:105AF00008B102F03BF820780121FFF7B0FE08B1B1
:105B000002F034F80123337013B0F0BD0623BEE772
:105B100032960020D8950020B8950020F4950020FA
:105B20004CC10F00FD950020EC950020F69500205B
:105B3000E8950020489600205CC10F000C800020F2
:105B4000F0B50388262BB1B004463BD80F2B04D800
:105B5000012B00F0D98031B0F0BD103B162BFAD8E4
:105B600001A252F823F000BFF15B0F001D5C0F0093
:105B7000575B0F004F5C0F00455D0F00575B0F0038
:105B8000575B0F00575B0F00575B0F00575B0F0011
:105B9000615D0F00575B0F00575B0F00575B0F00F5
:105BA000575B0F00575B0F00575B0F00D35D0F0073
:105BB000575B0F00C55D0F00575B0F00575B0F0071
:105BC000C55C0F00513B9AB2052AC4D8052BC2D838
:105BD00001A252F823F000BF155D0F00615D0F00B8
:105BE000575B0F00575B0F00E55D0F00AB5C0F00CC
:105BF000834B80881880834B00221A70236910938E
:105C00000423ADF8443010A9E38AADF84630FFF71D
:105C10002AFE00289FD001F0A9FF9CE78023784C42
:105C2000ADF82430784B208832221A6010A9012365
:105C300009AAFFF730FE08B101F098FF734B1B78FB
:105C40000BB9FFF7C9FE4FF6FF73238083E7704B54
:105C500003AC9A79186899888DF822200790DA1D8C
:105C6000ADF820101733264610685168254603C545
:105C700008329A422C46F7D1664B09AA03F118075D
:105C8000154618685968144603C40833BB422246B7
:105C9000F7D1186820605A485F4A008810AB852108
:105CA000CDE91456FFF7E9FDB3E7A379002B7FF4A4
:105CB00052AF534B13211888FFF7D7FD00283FF44C
:105CC0004AAF7AE0037A012B7FF445AF4D4B0022B7
:105CD0001A704D4B19680139196081B910AB18223F
:105CE000184605F067FD0346DDE914018DE8030061
:105CF00005228DF840200FCBFFF788FA2BE731B053
:105D0000BDE8F040FFF768BE3D4B00211888FFF763
:105D1000C8FDD3E7A379002B3FF41DAFA27B043A63
:105D2000022A3FF618AF022B18BF01238DF840302E
:105D30004FF4C173ADF84430314B10A91888FFF708
:105D4000A6FD66E7324A058A508D02F1180100234C
:105D5000854218BF19460732A088FFF790FDADE7CE
:105D6000274C20884FF6FF75A84225D02B4B1B7877
:105D7000EBB12B4901230822FFF78BFDE8B902465E
:105D8000014602232088FFF784FDB0B920882A4607
:105D90000C21FFF77AFDA0F54053023B012B7FF663
:105DA000DAAE08283FF4D7AE112887D1D3E61A46D9
:105DB0001946FFF76EFD81E7082031B0BDE8F040DD
:105DC00001F0D4BE0E4B002218881146FFF75BFD90
:105DD00074E70023ADF84030094B10A91888FFF78D
:105DE00050FDB8E6E188064BF72928BFF72121F0DE
:105DF0000301188841F00301FFF74FFD5EE700BF84
:105E0000148000203296002010800020349600205C
:105E1000F69500200E96002078960020F49500203C
:105E20002A96002010B501460446044801F03AF8CD
:105E30002046BDE81040FFF783BE00BF4896002013
:105E400070B5434A4348002394B01370424A13701C
:105E500000F0BAFB01F0F0FE0546002861D13F4892
:105E6000FEF75EFA00285FD13D4B01221A70112324
:105E70003C488DF8043005F083FE3A4982B201A80F
:105E8000FFF7F9FC08B101F071FE0822002104A817
:105E900005F090FC344A354B04A8CDE90423FFF704
:105EA000E8FC08B101F062FE00210C2201A805F017
:105EB00081FC0823ADF804302D4B02932D482E4B66
:105EC000039301A900F018FE08B101F04FFE2B4C1E
:105ED0004022002104A805F06DFC204605F050FE8C
:105EE00004F10F06ADF810003046059405F048FEA9
:105EF0001934ADF818002046079605F041FE11232D
:105F0000ADF8300004A8ADF84C300D9401F0DEF887
:105F10001B4B30221A7007225A7010229A70FFF71A
:105F20005BFD284614B070BD04A8FFF790FC08B1D3
:105F300001F01CFE9DF8113004A801338DF81130DA
:105F4000FFF783FC002892D001F010FE8FE700BF1E
:105F50003496002035590F0045960020F695002014
:105F6000F49500205CC10F000C0018000400200311
:105F7000D55F0F0048960020DF580F0063C10F0067
:105F80007896002010B50F4B01221A700E4B18881E
:105F90004FF6FF73984207D01321FFF766FC08B154
:105FA00001F0E4FD002010BD084C2378002BF9D04F
:105FB000074B1878FFF755FC08B101F0D7FD002317
:105FC0002370EFE7349600201480002032960020E2
:105FD0000C800020F0B50B788BB005460C46092BE1
:105FE00035D8DFE813F02D00360041000A00190013
:105FF00026001C01250144002A0100F015FC0421A3
:10600000FFF753FC0246284600F010FFF8B10BB032
:10601000BDE8F04001F0AABDFFF7B4FF08B101F000
:10602000A5FD00F025FC90B10BB0BDE8F04000F0FC
:1060300037BCFFF7A7FF0028F6D001F097FDF3E784
:10604000804B01221A704B681A787F4B1A700BB084
:10605000F0BD7C4B02261E704B681B78012BF6D1DD
:1060600000F08EFB3146CBE7764B0322EEE70520AE
:10607000FEF7ECFD734B1E78022E4BD0032E6ED034
:10608000012EE4D106AB10221846002105F092FB48
:106090006D4A237A12788DF81820002703220C2BE2
:1060A000CDE90320059708D03146284600F0BEFE12
:1060B0000028CCD001F05AFDC9E763681846FFF705
:1060C000C2FB0790181DFFF7BEFB089003F1080004
:1060D000FFF7B9FB08220990394601A805F06AFBD1
:1060E0005A4B02971B88ADF8043001A932232120B6
:1060F000ADF80630FFF7D7FB03A800F06BFA0446B3
:106100000028A4D0FFF7EEFB31462046FFF7CDFB79
:106110000246CAE7237A13F0030011D0C0F104024B
:106120001A44D2B219464FF0000C0E46013167688E
:10613000C9B2914207F806C0F7D11B1A0433237283
:106140000123069363680893237A06A89B080793A4
:1061500000F038FB00283FF47AAF0221D6E7207A1E
:10616000830702D0324631464DE7394E039031461F
:1061700001F078FD014618B12846FFF7CBFB66E732
:106180006168039A306805F049FC039801F0D0FD7E
:1061900001460028F0D103A9304601F0D9FD01469F
:1061A0000028E9D104230693039B9B08079306A8C4
:1061B0003368089300F06EFA074640B9254A237AFF
:1061C00011680B441360244B32681A603FE70928BA
:1061D0001BD1204B217A1A68114419601F4B1B7880
:1061E000002B3FF434AF1E4C2388013B9BB223802D
:1061F000002B7FF42CAF284600F0D0FD08B101F051
:10620000B5FC184B1B88238021E7306801F054FD52
:10621000014610B12846FFF77DFB3946ACE70F4B2E
:1062200001221A700F4A8B8813800D4A13800EE7E3
:106230000A4A002313700B4AF8E7064B196800F06E
:1062400063FDE3E64596002044960020148000207C
:106250003896002040960020F095002033960020CC
:106260003C9600203E96002018DF70470129F8B5C3
:106270000D4614461E4607D0032912D00CB3204603
:10628000BDE8F84001F072BC0E4B1B78052BF5D130
:106290000D4B1B68002BF1D0324621460420984755
:1062A000ECE7084F3B78022BE8D1084B5B68984736
:1062B000054B3D701B68002BE0D032462146284636
:1062C000EDE7F8BD589700208C96002080960020BE
:1062D00000B5094B89B001221A7005238DF80830EA
:1062E00008AB13E903008DE8030002AB0FCBFEF708
:1062F0008DFF09B05DF804FB9C96002000B589B0C5
:1063000002AB18220021184605F054FA03228DF83A
:1063100008200C4A1288ADF80A200B4A51680391F4
:106320009168D268059208AA0491034612E9030015
:106330008DE803000FCBFEF769FF002009B05DF880
:1063400004FB00BFC09600204497002000B589B030
:1063500001238DF80830114B114A1B88ADF80A3023
:106360004FF44053596891420CBF9B684FF48053DF
:1063700006930C4B5A6803929A68DB68059308AB46
:1063800013E903008DE80300049202AB0FCBFEF784
:106390003DFF002009B05DF804FB00BFC09600205F
:1063A000DBE5B1514497002000B589B002AB18225B
:1063B0000021184605F0FEF904228DF8082008AAED
:1063C000034612E903008DE803000FCBFEF71EFF22
:1063D00009B05DF804FB000030B589B002AC1825A7
:1063E0002A460021204605F0E5F92A4600212046EC
:1063F00005F0E0F90A4B1B88ADF80A30094BDB6861
:10640000059308AB13E903008DE8030000258DF820
:10641000085094E80F00FEF7F9FE284609B030BD99
:10642000C096002044970020184B37B5184D1D60CA
:10643000184B194C02221A70FEF792F880B12168AD
:10644000284600F0C7FF042804D1FEF781FA05288A
:10645000FBD1F4E7C0B103B0BDE8304001F086BB2A
:106460004FF440530D4A5968914208BF986821681B
:1064700018BF4FF48050FDF7BDFF00230448009380
:106480001A460321FFF7F2FE03B030BD90960020BC
:10649000949600205897002054970020DBE5B151D6
:1064A00010B50B4B1B788BB90A4801F093FA08B171
:1064B00001F05CFB074800224FF4340101F042FA7E
:1064C000044608B101F052FB204610BD0824FBE74A
:1064D0009C960020A0960020F0B51F4685B00323AF
:1064E000CDE900300546960868460C4602910396B1
:1064F000FFF7BAFEE0B1B4F5805F11D8012368461A
:10650000CDE90035CDE90246FFF7AEFE80B90323A1
:106510006846CDE90035CDE90246FFF7A5FE07E064
:106520003B463A46E11BE81BFFF7D6FF0028E5D0C3
:1065300005B0F0BD30B585B0194B0193194B1A4920
:1065400000241C70194B01A8CDE902441C8000F006
:106550001FFF0546F8B94FF44053154A59681548CE
:106560009142114A0CBF9B684FF480535360002145
:10657000114A01F0D5F908B101F0F8FA0F480022EC
:106580004FF4340101F0DEF908B101F0EFFA0C4BE1
:1065900000221A6001240B4B28461C7005B030BD48
:1065A0006D620F00C296002094960020C0960020D5
:1065B000DBE5B15190C10F00D1620F00A096002021
:1065C0005C97002058970020014B1860704700BF6F
:1065D0008C96002070B54368244C0FCB84E80F00E4
:1065E0002278510701D5930739D163689E0736D1C8
:1065F000A1688D0733D1E068840730D11C4E0B446D
:106600000344B1F5204F33602BD84FF44051194863
:106610004C6884420ABF89684FF46921C1F56A2138
:106620008B421ED8D30718D412F0020F124A134B14
:1066300008BF1346124D134A2A60134AC5E90123C5
:10664000124B1B78012B0ED1FFF72AFF044610B91D
:106650002B6830689847204670BD0D4BEAE706244A
:10666000F9E70C24F7E70824F5E700BF449700207A
:1066700054970020DBE5B151D9630F00FD620F0094
:106680008096002029640F00A9630F00589700200E
:106690004D630F002DE9F347074600285DD083685E
:1066A0009B075CD1314B1B78052B5AD1304E426889
:1066B0003368DFF8C48003EB82039500D8F800202C
:1066C000934207D94FF0FF3333600C24204602B0C9
:1066D000BDE8F087FFF7E4FE04460028F6D1D7F8BE
:1066E00008A0DFF89890FDF73BFF80B13368D9F838
:1066F00000002A46514600F05DFE042804D1FEF752
:1067000027F90528FBD1F1E7C8B10446DEE74FF4CD
:106710004053184A5968376891420CBF98684FF443
:10672000805000232A4651463844FDF793FE0095D9
:10673000D9F80000534600220121FFF797FD336886
:106740001D44D8F8003035609D420CD1FDF708FF9C
:106750000028BBD1FDF760FEB8E70E24B6E7102491
:10676000B4E70824B2E70924B0E700BF5897002037
:106770005C970020DBE5B1515497002090960020F3
:1067800070B50B4B1D6885B90A4E3378042B0CD1BC
:10679000094C0A4B21781A780948FDF7E3FD10B936
:1067A0000523337070BD2570FCE70820FAE700BFB1
:1067B0005C97002058970020C29600204497002044
:1067C000C3960020F8B5144B1A78032A054604D066
:1067D000042A04D008242046F8BD04221A700F4B66
:1067E0001B68002BF6D1FFF75BFE04460028F2D1B0
:1067F0000B4E6B6830789F0000EB8303802B09D829
:10680000084BA96818443A4605F008F933783B4428
:106810003370E0E70924DEE7589700205C970020FA
:10682000C2960020C396002038B50D4C2378052B66
:1068300014D10C4B0C4D1A682B689A420ED10623CA
:106840002370FFF72DFE40B9084B29681B68586874
:10685000FDF7C2FD08B90723237038BD0820FCE707
:10686000589700205C9700205497002090960020B5
:1068700010B5084B1B78072B0AD1074801F0AAF87E
:1068800008B101F073F9054BBDE810409B6818474B
:10689000082010BD58970020A09600208096002068
:1068A00000B589B002AB18221846002104F082FF1F
:1068B00006228DF808200D4A1278052A034613D1C6
:1068C0000B4A0C4912680968521A18BF01228DF848
:1068D0001C2008AA12E903008DE803000FCBFEF785
:1068E00095FC09B05DF804FB0022F0E75897002002
:1068F0005C97002054970020F0B58DB005A8FEF7F6
:106900004DFE089C002C3ED00B9E04F58053B342F4
:106910002DD91E4DA6F5805305EA53054FF440537B
:106920009B689C420BD869002B46A4EB450201F5FD
:10693000805106EB4500FFF7CFFD0DB0F0BD05F52A
:106940008053012701A8CDE90173CDE90337FFF793
:106950008BFC0028F1D14FF4805301A8CDE902331C
:1069600001970497FFF780FC0028E6D1DBE70123BD
:10697000CDE90136A4084FF4805301A80393049491
:10698000FFF772FCD9E72046D7E700BF00F0FFFF12
:1069900000B58DB005A8FEF701FE099880B1089BEF
:1069A0008BB94FF440530B4A596891420ED19B6802
:1069B00080080022039001A8CDE90123FFF754FCD1
:1069C0000DB05DF804FB0B9A1344F1E74FF48053CC
:1069D000EEE700BFDBE5B15100B591B009A8FEF7C5
:1069E000DDFD0D9A1AB9002011B05DF804FB0C9B77
:1069F000002B37D14FF440531F495868884234D197
:106A00009B68039303204FF47421CDE901019208A0
:106A100001A80492FFF728FC0028E4D00C9B3BBBA4
:106A20004FF44053144A5968914209BF9B684FF490
:106A300080535942C3F56A2216BF1946C1F30C01AF
:106A40004FF46922521A03EB520307930D9B032163
:106A50004FF474229B0805A8CDE905120893FFF7AF
:106A600003FCC1E70F990B44CBE74FF48053C8E711
:106A70000F9A1344E9E700BFDBE5B15110B58CB0C4
:106A800005A8FEF78BFD0898B8B10B9C00F5805364
:106A9000A34214D94FF440539B6898421BD80F4B24
:106AA000A4F5805203EA52035900A0EB430201F51A
:106AB000805104EB4300FFF70FFD0CB010BD8008C0
:106AC00003224FF48053049001A8CDE901230394DD
:106AD000FFF7CAFBF1E70E20EFE700BF00F0FFFF72
:106AE000A8DF7047AADF7047ADDF7047AEDF7047A1
:106AF000B0DF704762DF70472DE9F0430E4695B076
:106B00000546002800F0F980002900F0F6804B6867
:106B1000002B00F0F2804FF6FF730380784B04AA3D
:106B200003F1100C174618685968144603C408335B
:106B300063452246F7D141F230530DF10A01384640
:106B40000293FFF7D7FF0446002840F0D2802A1DA9
:106B500002A90120FFF7C4FF0446002840F0C980C5
:106B60009DF80A30AB7101461C220DA804F022FEEC
:106B70009DF834300E9423F00C0343F00C038DF891
:106B8000343001AFAB798DF80E30214641F23253EB
:106B900003223846CDE91044CDE91244ADF80C305B
:106BA00004F008FE9DF8063023F01F0343F00303B2
:106BB000214614224FF4885908A88DF80630ADF804
:106BC000049004F0F7FDF423ADF82C30A8880A9463
:106BD0000DF10C0805F1080308AA0DA90C94CDE9E4
:106BE0000887FFF77FFF0446002840F082800146B7
:106BF0001C220DA804F0DEFD9DF834300E9423F025
:106C0000180343F018038DF83430AB798DF80E304B
:106C1000214641F2315303223846CDE91044CDE9F3
:106C20001244ADF80C3004F0C5FD9DF80630ADF807
:106C3000049023F01F0343F013032146142208A8F5
:106C40008DF8063004F0B6FD1723ADF82C30A88877
:106C50000A9405F1100308AA0DA90C94CDE9088740
:106C6000FFF740FF0446002843D101461C220DA82F
:106C700004F0A0FD9DF834300E9443F002038DF82B
:106C80003430AB798DF80E30214641F23453032273
:106C90003846CDE91044CDE91244ADF80C3004F08B
:106CA00089FD1123ADF804309DF8063023F01F0351
:106CB00043F003032146142208A88DF8063004F09F
:106CC00079FD02230A93ADF82C30A8880C9605F1C3
:106CD000200308AA0DA9CDE90887FFF703FF0446A2
:106CE00038B97368AB62B36803B1EB62054B01223C
:106CF0001A70204615B0BDE8F0830E24F9E700BFF6
:106D000094C10F00679700202DE9F04F0E4687B021
:106D10000546002839D002884FF6FF739A4236D0D4
:106D20001C4B1B789BB31C4CC1F30729C1F30748CC
:106D30000F0E4FF0100A07234FF0010B1022002115
:106D400002A86370ADF8063084F800A084F802B0A1
:106D5000E67084F8049084F80580A77104F02AFD99
:106D60002B8AADF808300023ADF80C3028888DF858
:106D70000AB00DF1060302A9CDE90434FFF7B6FE0F
:106D80001328D8D007B0BDE8F08F0E20FAE708200E
:106D9000F8E700BF67970020609700202DE9F04FCB
:106DA0000E4687B00446002837D002884FF6FF739E
:106DB0009A4234D01B4B1B788BB31B4DC1F3072A6F
:106DC000C1F307494FEA11684FF0110B0027052363
:106DD0001022002102A8ADF8063085F800B06E70D0
:106DE00085F802A085F8039085F8048004F0E2FCA1
:106DF000238AADF8083001238DF80A302088ADF8D9
:106E00000C700DF1060302A9CDE90435FFF76EFE03
:106E10001328DCD007B0BDE8F08F0E20FAE7082079
:106E2000F8E700BF67970020609700202DE9F04148
:106E30000F4686B01646044660B302884FF6FF73CD
:106E40009A4229D0154B1B7833B3154D4FF01008DB
:106E500003231022002102A8ADF8063085F8008037
:106E60006F70AE7004F0A6FC238AADF808300123E1
:106E70008DF80A300023ADF80C3020880DF10603A0
:106E800002A9CDE90435FFF731FE1328E0D006B0A2
:106E9000BDE8F0810E20FAE70820F8E767970020A8
:106EA0006097002070B50D4688B0044650B149B1D6
:106EB000826A3AB10B88502B49D005D8102B43D0A9
:106EC000112B54D008B070BD512BFBD18E79022EFE
:106ED000F8D10A89038A9A42F4D18B7B043B022BB6
:106EE000F0D99DF816308DF8106043F001038DF84D
:106EF00016300B8AADF818304B8AADF81A300822DC
:106F000001F1140301A80021079304F053FCA18AA6
:106F10002088019601AACDF808D0FFF7E5FD48B317
:106F2000E36A03B1984740F2FD132088ADF81430AE
:106F300004A9FFF7DDFD0028C4D0E36A002BC1D00F
:106F400008B0BDE8704018478B882380BAE7C9882D
:106F500003899942B6D108238DF81030123535F8DF
:106F6000023C8DF81830059504A99047AAE74FF622
:106F7000FF73EAE7BDF800302088DB07D3D5002691
:106F800004A9ADF81460FFF7B3FD0028D5D1297D21
:106F90004B1E072B3ED8DFE803F004192226282ACF
:106FA0003B2C6B8A8DF80460012B05D80622012149
:106FB0002046FFF73BFFBEE7012315358DF80C3067
:106FC0000295A36A01A9204698477BE76A8A0123B4
:106FD0009A428DF80430F0D806220221E8E7022315
:106FE0008DF80430EDE70323FAE70423F8E70523DF
:106FF000F6E76B8A022B02D803220821D8E7B5F8FE
:107000001530ADF80830002B14BF06230723E7E73F
:107010000923E5E70322CBE7A8DF7047AADF704723
:107020002DE9F04180468EB015461F460E4611B937
:10703000084600F09BFD15B9284600F097FD1C227C
:107040000DEB0200002104F0B5FB9DF81C30ADF8FB
:107050000480002443F002038DF81C3021460123F4
:10706000032268468DF80630CDE90A44CDE90C4488
:10707000089404F09FFB3B788DF800307B788DF806
:1070800001309DF8023023F01F0343F00203214634
:10709000142202A88DF8023004F08CFB0A48CDF8C7
:1070A0000CD001AB029302AA149B0088ADF81050DB
:1070B00007A9ADF81240ADF814500696FFF7AEFFE1
:1070C0000EB0BDE8F08100BF8897002030B587B0D2
:1070D00041F60A032D4AADF80C30044603A90120FD
:1070E0008DF80E00FFF798FF0546D8B92288E2B95F
:1070F00022894AB1264B0093E16804F13C0342F631
:107100002420FFF78DFFD8B9228C4AB1214B009380
:10711000616A04F13C0342F62620FFF781FF78B94B
:10712000A36B7BB9284607B030BD1B4B0093616849
:1071300004F13C0342F62920FFF772FF0028D7D064
:107140000546EFE71A788DF810205A888DF811203F
:10715000120A8DF812209A88DB888DF815301B0AE8
:107160008DF813208DF81630120A0C4B8DF8142070
:107170000093072204F13C0304A942F65020FFF7D4
:107180004FFF002818BF0546CCE700BF88970020B6
:107190007897002070970020809700206897002043
:1071A00029DF704728DF7047064B182202FB0030AA
:1071B00000230422C0E90423037183608361C36058
:1071C000704700BFA497002013B502460846C9685F
:1071D00043680093044B53F82140436910F80C1B9B
:1071E000A04702B010BD00BF9497002070B51A4CA4
:1071F0002378182202FB03430122A2701A795D69E9
:10720000012A05D0032A1AD00F200023A37015E00D
:10721000124AD86816689A689969A2EB0632B2F5E4
:10722000805F284401EB063100EB063034BF920842
:107230004FF48062FFF7B4FF0028E6D170BD4FF035
:1072400080531B699BB2B5FBF3F5044B18682844C7
:10725000FFF7A8FFF0E700BFA49700208C9700205D
:1072600070B5134D6C78122C1FD02E783444E4B2D4
:10727000112C84BF123CE4B2182606FB0454A26110
:10728000207103C9A360049BE360AB7804F1100292
:1072900082E8030023B100206B7801336B7070BD6E
:1072A000FFF7A4FF1128F7D1F5E70420F7E700BFA7
:1072B000A497002038B5831E012B45D8234CA37812
:1072C000002B41D0002303282578A37036D0204915
:1072D000182202FB05420B6892680133B2EB033FB0
:1072E0000B6019D86B1CDBB262780020112B086090
:1072F0004FF0180188BFA5F1110302F1FF3201FB25
:107300000541D2B288BFDBB2043162702370FFF74F
:107310005BFF2846FFF748FF6378ABB1A3789BB9C2
:10732000FFF764FF80B111280ED02178182303FBEA
:1073300001410431BDE83840FFF746BF182303FB85
:10734000054104310D20F5E738BD00BFA4970020AA
:107350008C97002008B50A4B00211960094B198051
:10736000997008460131FFF71FFF1229F9D1064B2A
:1073700000201860054BC3E90000C3E9020008BD06
:107380008C970020A49700209097002094970020CD
:10739000064A03461068042807D00860411C1160A3
:1073A0001A68034B43F82020002070479097002074
:1073B0009497002013B55C180C43A40708D10093E0
:1073C00013460A4601460120FFF74AFF02B010BDEE
:1073D0001020FBE707B500220B4600920146032070
:1073E000FFF73EFF03B05DF804FB0000094B5A783D
:1073F00099780132D2B2914208BF002219789142A5
:107400001FBF02705A78182101FB023014BF0430EC
:10741000002070476C990020082910B5044602D05E
:10742000002000F0A3FBD4E90030BDE8104018476D
:1074300073B5054600240DF107000E468DF8074090
:1074400000F0A2FB0DF10600FFF7D0FF90B106702F
:10745000094B9DF8062045605A709DF8070000F022
:10746000B7FB24B9054B4FF48012C3F80021204626
:1074700002B070BD0424F0E76C99002000E100E048
:10748000204B21491A682F2300BF00BF00BF00BF57
:1074900000BF00BF00BF00BF8A422FD000BF00BFA7
:1074A00000BF00BF00BF00BF00BF00BF00BF00BFE4
:1074B00000BF00BF00BF00BF00BF00BF00BF00BFD4
:1074C00000BF00BF00BF00BF00BF00BF00BF00BFC4
:1074D00000BF00BF00BF00BF00BF00BF00BF00BFB4
:1074E00000BF00BF00BF00BF00BF00BF00BF00BFA4
:1074F00000BF00BF00BF00BF00BF00BF013BC3D142
:10750000704700BF088000200024F4000C4B0D4899
:107510004FF4003210B5C3F8802001244FF48033BB
:10752000C0F84833C0F808334460FFF7A9FF064BA2
:10753000846000201860FFF7A3FF044B187010BD93
:1075400000E100E0001001406499002059990020FA
:107550002DE9F3412549264B0025C1F84051C1F8DA
:107560004451C1F84851C1F84C51C1F80051C1F81B
:1075700004511B68002B34D0D1F804451D49DFF8B5
:1075800088800968641A24F07F442F461A68A24252
:1075900012D8A41A15441A7CDE6962B15A691F74A4
:1075A00000929B69019342460821684600F046FA22
:1075B00008B100F0DBFABEB90F4A104B11781B7806
:1075C0008B4205D10133DBB2022B08BF00231370BD
:1075D00012780B4B43F822500A4B4FF48012C3F839
:1075E000002102B0BDE8F0813346CFE70010014032
:1075F00068990020649900205A9900205B99002026
:107600005C99002000E100E019740F002DE9F74FAC
:10761000A049A14A0B781278A04C9A423CD0013381
:10762000DBB2022B08BF00239D4A0B709D491768EF
:1076300051F823003B1823F07F4313600022236896
:1076400016461546944613B942B1236006E0196800
:1076500081420FD902B12360091A19604FF0010A63
:107660002368DFF8588200934FF00009BEB94FF04D
:10767000180B45E0401A0D44D968D3F81CE0C3F854
:1076800000C031B17A1922F07F42C3E90121DE61E5
:107690001E4673460122D6E70026B246E0E7304692
:1076A000F6697F4B45681A687F4F8368A91A21F0F5
:1076B0007F41B94200F2CA800B4401210174216864
:1076C00003600022C0E90122C261002940F0C680A7
:1076D0002060CBE798F8020025684B1CDBB20BFB5F
:1076E0000181984208BF002388F800300B79886830
:1076F000022B67D0032B00F09380012B00F09380C6
:1077000098F8001098F801308B42E3D12368B9F162
:10771000000F05D1009A9A4202D1BAF1000F42D06F
:10772000002B00F0B480D3F80090604C5C4BD4F890
:10773000046518685E4F351A3B7825F07F450335A0
:107740009BB94FF48033C4F84433C4F80433594B25
:107750004FF400324FF00108C3F880211A60C4F8DA
:107760000080FFF78DFE87F80080A9452CBF4844B4
:10777000401920F07F40C4F84005D4F804359B1B25
:1077800023F07F43801B033320F07F4083420AD9DC
:10779000D4F80435C4F84035FFF772FE454B4FF47A
:1077A0000032C3F80021444B00221A7003B0BDE838
:1077B000F08FB84209D03946FF69002FF9D1002374
:1077C00003749DE72F462946F7E7884211D1EB69FC
:1077D000236073B9DFF8D4E001910122CEF80820CC
:1077E000DFF8BCE0CEF80030334B1A70FFF748FEEC
:1077F00001993B68FF69CF6117B13A6813443B6058
:107800002368AB4218BF4FF00109D8E72974ED692E
:107810000123002DFAD1002B3FF472AF25606FE7F2
:1078200000231946F5E7057C002D7FF469AFCA688F
:1078300042600B6983604B69C3608B6983611E4B37
:107840001B78002B18BF2A4642602AE7521B22F001
:107850007F429A4234BF9B1A00232EE70A689A425D
:1078600013D3D21A0A60C16132E75B1BD569114696
:107870003DB12A461568AB42F7D8ED1A156015469A
:107880000A460360C561D061F0E60A46F2E7FFF7F9
:107890003DFE88E75B9900205A99002068990020F6
:1078A000649900205C990020FEFF7F0000100140D9
:1078B0005999002000E100E0589900206C990020BF
:1078C00008B5FFF723FE104B00200B2218809A709A
:1078D0000E4B18600E4B18700E4B18700E4B4FF479
:1078E0008012E021C3F8802183F814131A6002F19A
:1078F0008042A2F56F22C2F8080583F81113074BE6
:10790000D2F804251A6008BD6C99002068990020FF
:107910005B9900205A99002000E100E06499002062
:10792000074B9B784BB132B128B10368187C20B962
:1079300059745A617047072070470820704700BF8C
:107940006C9900202DE9F743DFF8848098F8023025
:1079500005460E461746ABB3A0B3042930D9436998
:1079600083B3437C0024012B0DF107000CBF894633
:10797000A1468DF8074000F007F90DF10600FFF76A
:1079800035FDD8B1012303700F4B4560D3F80435A2
:10799000C0E90497C0E902369DF8063088F8013046
:1079A0009DF8070000F014F924B9084B4FF4801239
:1079B000C3F80021204603B0BDE8F0830424EFE7BC
:1079C0000724F7E70824F5E70010014000E100E094
:1079D0006C990020064A92783AB130B1426922B1DE
:1079E000002202740221FFF723BD0820704700BF68
:1079F0006C9900204B1C30B5DB00044612F00300EC
:107A00009BB20DD1074D2A601A44074B1A60074BF1
:107A10001870074B1870074B1C80074B198030BD3E
:107A20000720FCE7849A0020809A00207C9A00209E
:107A30007D9A00207A9A0020789A00202DE9F34759
:107A4000DFF8C480B8F800308B4206460D46174672
:107A50004DD300240DF107008DF8074000F094F895
:107A6000254B264A26481B78008892F800C084459A
:107A70005FFA8CF138BF0131DBB238BFCCB2A34220
:107A80002FD014781178CBB2884286BF0133DBB295
:107A90000023E4B213709DF8070000F099F84FF648
:107AA000FF739C4225D0DFF86490D9F800304FEA8C
:107AB000C40A43F8347003EBC402AEB1A5B1114B54
:107AC000B8F800001B682A4604FB0030314603F07A
:107AD000A5FFD9F8003053449D80002002B0BDE8D6
:107AE000F0874FF6FF74D6E700239380F5E709206F
:107AF000F4E70420F2E700BF7D9A00207C9A002082
:107B0000789A0020809A00207A9A0020849A002097
:107B100070B5104C104D22782B789A4200D170BD70
:107B20000E480F4A2378126806880E4802EBC301FC
:107B3000006852F83320898803FB060090470A4901
:107B400022780988D3B2914286BF0133DBB2002389
:107B50002370E0E77D9A00207C9A00207A9A00202A
:107B6000849A0020809A0020789A00201FB5002176
:107B7000CDE9021001AA44F20100ADF80410FCF7AF
:107B8000E5FC05B05DF804FB70B5EFF3108672B646
:107B90000C4A9468012384B993600B4B0B4DD3F8C6
:107BA000801029401160C3F88050D3F884105160D0
:107BB0004FF0FF32C3F884202346037006B962B643
:107BC00070BD00BF889A002000E100E0FC06FFBD08
:107BD00010B5084B9A685AB150B9EFF3108172B6DC
:107BE000054A1C6814605C685460986001B962B60C
:107BF00010BD00BF889A002000E100E003462AB1D2
:107C000010881A4619448A4203D170474FF6FF7014
:107C1000F7E743BA12F8010B9BB25840C0F30313C5
:107C200043401BB283EA03331BB2580100F4FF50F8
:107C3000434098B2E7E70000064B074A002018705F
:107C4000064B1A601022C3E90120C3E90300C3E90F
:107C50000500704770C00020B09A0020949A002060
:107C60000020704730B50446E9B1124B5A68002035
:107C70000860D2B1B4F5167F19D8013A5A60DA68B3
:107C80001C680132DA601A694FF4177505FB02446B
:107C90000C609969012494400132214302F00F02E3
:107CA00099611A6130BD0E20FCE70420FAE70C2030
:107CB000F8E700BF949A0020F0B51C498A6892B397
:107CC0004D690E68AC1A04F00F0423464FF4177781
:107CD00007FB036C604510D1886901259D40684011
:107CE000886100204E68D1F818C04FF0010E73442F
:107CF0000025164403F00F030AE0013303F00F03DD
:107D00009D42E5D11020EDE74AB1013A1C4601251C
:107D10000EFA04F414EA0C0FA6EB0207F4D00DB12E
:107D2000C1E90172F0BD0420FCE700BF949A002075
:107D3000064A13691268013B4FF4177103F00F03F1
:107D400001FB0323C3F8580200207047949A0020D7
:107D500030B5C0B1B9B10E4BDA68B2B1013ADA60F0
:107D60009A681C6801329A605A694FF4177505FBCE
:107D7000024404600132D4F85802086002F00F0295
:107D80005A61002030BD0E20FCE70420FAE700BF56
:107D9000949A00203FB40C49086890B10B4B1C68C2
:107DA0007CB10B4A1568CDE9025000238DF80430F0
:107DB0000B60136004AB13E90700234604B030BC2A
:107DC000184704B030BC704774C000208CC000203D
:107DD0007CC00020DC2810B509D0DD2810D0C028D8
:107DE00016D1FFF7D7FF0E4B0E4A1A6010BD0E4A90
:107DF0000E4B19681368581C1060C022CA54F2E771
:107E0000094A0A4B19681368581C1060DB22F5E711
:107E1000064B054A196813685C1CC8541460E2E7F5
:107E20001C800020457E0F0074C000207CC0002014
:107E3000C02802BF014B024A1A6070471C80002014
:107E4000457E0F00C02810B409D0DB280BD0094BA9
:107E5000094A196813685C1CC854146006E05DF890
:107E6000044BFFF797BF054B054A1A605DF8044BBA
:107E7000704700BF7CC0002074C000201C80002020
:107E8000D57D0F0007B501228DF807000DF1070120
:107E9000002002F06DFDB0FA80F04009800003B0D0
:107EA0005DF804FB10B5064A064C12682368D05CE6
:107EB000FFF7E8FF10B923680133236010BD00BF4E
:107EC00088C0002080C0002008B5C020FFF7DAFF7E
:107ED00028B9034B1B6813B9024B034A1A6008BD4B
:107EE00080C0002018800020A57E0F0008B5DB2090
:107EF000FFF7C8FF10B9024B024A1A6008BD00BF65
:107F000018800020097F0F0010B50C4A0C4C126835
:107F10002368D35CC02B03D0DB2B0DD0042010BD15
:107F2000DC20FFF7AFFF0028F9D12368054A0133B1
:107F30002360054B1A60F2E7DD20F2E788C00020DD
:107F400080C00020A57E0F00188000207FB5184C4F
:107F5000184D194E002002F0ABFC30B322689AB1E4
:107F60002968336899420FD2012201A9002002F04A
:107F7000ABFC10B94FF0FF3001E09DF804000F4B4F
:107F8000C0B21B689847E5E70D4B1B686BB10292C6
:107F9000084A0221126803928DF8041004AA12E91B
:107FA000070004B0BDE87040184704B070BD00BFC2
:107FB0007CC0002074C0002078C000201C800020FD
:107FC0008CC00020014B1860002070478CC000203E
:107FD000034B1A780AB901221A700020704700BFBB
:107FE00090C00020014B00201870704790C0002006
:107FF0002DE9F04F85B000284ED0284F3B78012B5B
:1080000006D0022B0CBF0420082005B0BDE8F08F7D
:10801000234CDFF89C90234E234DDFF89880DFF847
:1080200098A0DFF898B0C9F800100023236002235D
:1080300030603B70C5F800802268D9F800309A4261
:1080400014D3C5F80080FFF73FFF18BB174B1B6820
:1080500001223A70F3B18DF804203268029222684E
:10806000039204AA12E90700984713E033682268D4
:108070009A5CC02A03D022689B5CDB2B04D12B685E
:10808000534508BFC5F800B02B689847042801D0B5
:108090001128D1D10020B8E71020B6E790C0002009
:1080A00080C0002088C00020188000208CC00020E4
:1080B00084C00020C97E0F00A57E0F00ED7E0F005A
:1080C000054B064A1860064B1960064B00201860E5
:1080D000054B1A60704700BF7CC00020317E0F0046
:1080E00078C0002074C000201C800020064B074888
:1080F0001B68DB00DBB20022037004215B4242708C
:108100008270C370FFF774BFD0C0002091C0002000
:1081100010B52A4C02462378012B11D0022B1DD01A
:108120000BBB02BB2648FFF755FC08B1FFF71EFD4D
:10813000244B1B68BBB1244ABDE810401078184797
:10814000012A10D1214B1968214B06311868FFF71D
:108150004FFF08B1FFF70AFD02230CE0022A1AD0F4
:10816000032A01D052B110BD1A4A1368013303F03B
:1081700007031360002323700022CCE7164B10483E
:108180001A6041F67F21FFF7DDFB0028EBD0BDE848
:108190001040FFF7EBBC104A1368052B0AD00133DF
:1081A00013600A4B19680A4BBDE810401868063185
:1081B000FFF71EBF044B01221A70DBE7E0C000206E
:1081C000A0C00020DCC000209AC00020C4C0002055
:1081D000C8C00020CCC000209CC00020F0B585B0F5
:1081E00004AB03E907009DF804000D46164603287A
:1081F00076D8DFE800F00802A8AB012005B0BDE8A2
:10820000F040FFF785BF032A524C40F283804B7841
:1082100013F00F0269D00E2A7CD1042E59D00A78AF
:10822000500656D5110654D51A44AB781A44EB784B
:108230001A4412F0FF024CD1B71E39462846FFF708
:10824000DDFCEB5B834244D143492A780B6802F0A2
:108250000702D8B282422FD1013303F007030B602B
:10826000FFF744FF3D4B012230461A70FFF760FDD7
:1082700008B1FFF77BFC37494FF41670FFF7F2FCAB
:10828000B0B1042810D136480521FFF719FF08B115
:10829000FFF76CFC334B1B68002B59D04FF00000EC
:1082A00005B0BDE8F04018470020FFF75FFCEAE7A3
:1082B00020684FF41671E8E720684FF41671FFF755
:1082C000FFFE08B1FFF752FC05B0BDE8F040FFF734
:1082D0000DBF20684FF41671FFF7F2FE002837D06B
:1082E00005B0BDE8F040FFF741BC0A788978134437
:1082F0000B44E9780B44DBB263B91B4B1B680133B9
:1083000083EAD20313F0070304D1184A0320137041
:10831000FFF7FEFE25681DB14FF416712846DBE716
:108320000C494FF41670FFF79DFC18B920684FF404
:108330001671D1E7042802D109480521CCE7284667
:10834000FFF714FCF8E706480521C5E70320C7E757
:1083500005B0F0BDD4C00020D0C00020C0C00020B7
:1083600095C00020D8C00020CCC000209AC00020BA
:108370000220FFF7CDBE0000074B10B50446186081
:108380000648FFF71FFE08B1FFF7F0FB002C0CBFFB
:108390000E20002010BD00BFD8C00020DD810F00DE
:1083A000184A1948002310B51360184A1360184A78
:1083B0001360184A1370184A1370184B184A012199
:1083C0001960184B1960184B1970FFF7A9FA08B11A
:1083D000032010BDFFF730FC0028FAD1FFF7F8FDAD
:1083E0000028F6D1114C4FF416702146FFF73AFCE5
:1083F0000028EDD120684FF41671BDE81040FFF75A
:108400005FBE00BFC8C00020A4C10F00C4C00020D0
:108410009CC00020C0C00020E0C00020D0C00020D0
:1084200071830F00CCC000209AC00020D4C000206F
:108430000C4A08B5002313600B4A1360FFF710FCC9
:1084400008B1FFF793FBFFF7CDFD08B1FFF78EFBF7
:108450000648FFF7BFFA042802D10020FFF786FB89
:10846000002008BDDCC00020D8C00020A0C0002033
:1084700037B50D46044698B191B10A4B19780022E0
:10848000019259B101A91A70FFF762FC019B063BEA
:108490002B8023680433236003B030BD0420FBE746
:1084A0000E20F9E7C0C000200438FFF705BC00002B
:1084B00000487047E5800020044B054A1878054BBA
:1084C00000280CBF10461846704700BF75C1002039
:1084D00083800020388000202DE9FF411F4B187059
:1084E00028B11F4B6FF04C029A720022DA721D4ABB
:1084F0001D4DDFF87CC017461C4BEE4603F11006FD
:10850000744618685968F046A8E803000833B34277
:10851000C646F6D12B7803F00F0310336B4413F8E3
:10852000103CD373114B18685968A646AEE8030097
:108530000833B3427446F6D115F8013B04A901EBA8
:108540001313654513F8103C9373A2F10202D3D1C3
:1085500000233B7404B0BDE8F08100BF75C100206A
:10856000E580002064C1002060000010AAC10F0057
:108570006800001010B570B9134B14481968022236
:1085800003F04CFA01230133DBB211485B0043F4E2
:108590004073038010BD052813D80B4B53F82040BF
:1085A000204603F0EDFAC3B21F2B28BF1F23084A51
:1085B0002046E1188842E6D010F8014B22F8024F1D
:1085C000F8E70020E6E700BF20800020E4C000209C
:1085D000E2C0002018DF70472DE9F041164C86B04C
:1085E00020688846616803AD03C51E46D4F80900BB
:1085F000237AD4F80D102B7001AD03C50F4B0093F7
:108600002846174603F0BCFA29460246404603F0C6
:1086100005FA01A803F0B4FA01A90246384603F0AE
:10862000FDF9684603F0ACFA69460246304603F0AD
:10863000F5F906B0BDE8F081E6C10F00312E30003B
:108640000120704710B51C460B781E2B06D0002366
:108650002022052102F0D2FB204610BD0024FBE7BA
:10866000F8B5069F14460D463A46002118461E46A8
:1086700003F0A0F87CB14FF0E023D3F8F03DDB0726
:1086800000D500BE4FF0FF30F8BD284600F00CF9D1
:10869000013504F50074BC4206EB0401F5D3204615
:1086A000F2E70000F8B50C4F0D461E460024069B6D
:1086B0009C4206EB04010CD23A46284600F0C2F96F
:1086C000002805DDFCF746FD013504F50074EEE7F2
:1086D000FAD12046F8BD00BF78C1002030B52B4D3F
:1086E0002A7A8DB0CAB106AC18220021204603F0C8
:1086F00061F8062500238DF818508DF82C300CAB4E
:1087000013E903008DE8030094E80F00FCF77EFDF9
:108710000620FCF79BFA0DB030BD2B68002BFAD079
:108720001B4B197819B105201A70FCF78FFAD5E99F
:1087300000329A42EFD306AC18220021204603F003
:1087400039F86B7AF3B1062300254FF420424FF439
:1087500074214FF460208DF818308DF82C5002F001
:1087600063FF0028CBD01022294602A803F022F88C
:108770004FF460224FF4205302A8CDE90323FFF702
:1087800029FFBCE78DF81830B9E700BF78C1002099
:10879000F7800020024B0B604FF40073138070478A
:1087A00009010100012070477FB52F492F4803F0D0
:1087B00053F84FF440532E4A596891424CD11A78DD
:1087C000102A46D9142A186944D95B69294CB3FB8D
:1087D000F4F50A2201A904FB153402F023FF26490F
:1087E000224803F039F801A9204803F035F823495D
:1087F0001E4803F031F80A2201A9284602F012FFB0
:1088000001A91A4803F028F81D49184803F024F874
:108810004FF47A760A2201A9B4FBF6F5284602F055
:1088200001FF01A9114803F017F815490F4803F09B
:1088300013F80A2201A906FB154002F0F3FE01A974
:108840000A4803F009F80F49084803F005F804B096
:1088500070BD00200023B9E70B49044804B0BDE80F
:10886000704002F0F9BF00BFE4C20F00F8800020A2
:10887000DBE5B15140420F00F1C20F00F3C20F001F
:10888000F5C20F00F7C20F00FAC20F0010B5034681
:108890001C1AA24200DC10BD0C781CB1013103F897
:1088A000014BF5E72024FAE72DE9F0410C46054697
:1088B0004FF400720021204602F07CFF65B95A494E
:1088C0003E22204603F0AAF8552384F8FE31AA235D
:1088D00084F8FF31BDE8F081B5F5017F29D86B1E22
:1088E000B3F5817F24BF6FF4817805EB08034BB9A2
:1088F000F822227004F109012246FF2002F8010F3C
:108900008A42FBD11B02002240F69360191FB1F589
:10891000696F03F1010106D2834214BF8BB24FF697
:10892000FF7324F812300132B2F5807F0B46EDD18F
:10893000D0E7B5F5027F3BD86FF4017C65443DB9C3
:1089400020463A490B22FFF7A1FF2823E372203487
:10895000374B2E0103EB052864270025022EB9D8DA
:108960000B2241462046FFF791FF5C236FF00C007D
:108970006FF00F0275216374E3746376B31C677341
:10898000A073E1732274A27425756575A075E175F5
:1089900022766383D8F80C0038B103F0F1F8E06177
:1089A0000136203408F11008D8E74FF4E910F6E753
:1089B000204B9D428ED86FF40277EA19012A0DD818
:1089C0001B4B03EB0213DD68284603F0D9F8294658
:1089D00002462046BDE8F04103F020B86FF4FD7672
:1089E000A9190902B1F5801FBFF474AF124B2360BF
:1089F00003F1144303F52C1303F6023363600F4BAA
:108A0000C4F8FC314FF46963A3614FF40053A5F23D
:108A10000B254FF48072A360094B6561E160226110
:108A2000E36104F12000D5E7F7C10F0022C20F0077
:108A300038C20F00080101005546320A306FB10AF2
:108A4000B3009A23F7B5644B14460A689A420D4660
:108A500008D103F114434A6803F52C1303F60233DB
:108A60009A4203D04FF0FF3003B0F0BDD1F8FC21A3
:108A70005A4B9A42F6D18B6823F4FF5323F01E031E
:108A80009B049B0CB3F5005FECD10B69B3F5807FC1
:108A9000E8D1C86810F0FF06E4D1CB69504A934290
:108AA00005D0504A934243D04F4A9342DAD1A0F5C1
:108AB0008053B3F5692F07D201234FF4807205F17B
:108AC0002001FBF7C7FC02E0B0F5805FCAD2AB69BA
:108AD0005BB32268934207D041F263018B4200D816
:108AE0000AB14FF0FF3323606B6941F26302934296
:108AF0001BD803F0070204EBD303012191401A7B3A
:108B00001142C8B204D16168024301311A73616035
:108B1000D4E900329A4208D30120FBF77DFC637A46
:108B20001BB1A37A0BB9012323724FF400709BE7AA
:108B300001276772CB68B3F1102F17D104223431AB
:108B4000684602F06BFF042205F138010DEB0200CC
:108B500002F064FF009BB3F5742F03D1019BB3F5C2
:108B60007E2F01D027727DE7A772B0E7A3F57422AC
:108B7000B2F5204F28D2E27A01F12007DAB91B4A78
:108B8000934218D32B69B34215D90422B919684608
:108B900002F044FF009BD02B14D10422311D0DEBB9
:108BA0000200394402F03AFF0F4B019A9A424FF00B
:108BB00001030ED1E372E8682A6901233946A0F562
:108BC000A0307EE70836DDE7B3F5805FFFF47FAFC6
:108BD0000123237246E700BF5546320A306FB10ABF
:108BE0004028A5AD3C8263D6B3009A2300D80F007D
:108BF0004DDF70474EDF70474FDF704750DF7047E3
:108C000012DF704700F0A0BC002000F00BBB00009A
:108C10001FB5244B402283F8272300238DF807300B
:108C20004FF4405304465A681F4B9A4227D10DF126
:108C30000700FFF7E5FF9DF8073003B30120FFF7BA
:108C4000D9FF0120FFF7D4FF0120FFF7D5FF02A8CD
:108C5000FFF7D4FF029BDA0702D5002000F074FC76
:108C6000029B9B0702D5022000F06EFC2046FFF716
:108C700033FCFFF799FD02F001FC04B010BD0023A6
:108C800001A88DF80430FCF72DF8084B039303A8D6
:108C9000FCF750F8FCF754F84FF08043D3F8383421
:108CA0000293D7E700E100E0DBE5B151058C0F004E
:108CB000012000F049BC08B50120FBF7C7FFBDE863
:108CC0000840FCF74DBA0220FBF7C0BF4FF08053BD
:108CD000D3F83001082802D1D3F8343123B9A0F1F8
:108CE0000D0358425841704701207047094B01223B
:108CF00083F8D8200260BFF36F8FBFF34F8F064A0F
:108D0000904202D0043A904202D1002283F8D82047
:108D1000704700BF94C300205070024042DF70478C
:108D200043DF704744DF704712DF704707B54FF4E9
:108D3000405300205A68084B9A420AD18DF8070028
:108D40000DF10700FFF7F0FF9DF80700003818BF8E
:108D5000012003B05DF804FBDBE5B15107B5FFF777
:108D6000E5FF58B1002301A80193FFF7DBFF01984D
:108D7000003818BF012003B05DF804FB4FF08043BA
:108D8000D3F80C0400F00110A0F10113584258412F
:108D9000F1E7000010B5134B134A5B68C3F30803F7
:108DA00083B9EFF310836BB910494B681B0609D5E3
:108DB0008024C1F8844092F8D8308BB9FFF796FF31
:108DC0004C6010BD92F8D83033B10146BDE8104078
:108DD0000748012201F079B8BDE81040FFF786BFCF
:108DE0004C60E6E700ED00E094C3002000E100E005
:108DF000958D0F000D4B182202FB0033598A1A8AF9
:108E0000521A998A92B28A4228BF0A46D968142314
:108E1000434303F1804303F51C33C3F80016C3F842
:108E20000426034B03EB8000FFF7B4BF94C300207C
:108E300004700240074BD3F8C024D10309D406497B
:108E40000648D1F8C010C3F8A017C3F8A427FFF74D
:108E5000A1BF70470070024094C3002048700240D8
:108E6000082870B402D170BCFFF7E4BF0F4D104A60
:108E700000F594731821414352F823406B18A4B2B3
:108E8000DE889B8869589B1B9BB2A34228BF234660
:108E9000142404FB0022C2F80017C2F80437054B63
:108EA00070BC03EB8000FFF775BF00BF94C30020C8
:108EB000007002402870024070470000014B802281
:108EC0005A60704700E100E0024B8022C3F8842022
:108ED000704700BF00E100E0074BD3F80014D3F85F
:108EE00000240A43C3F800240022C3F858214FF499
:108EF0008002C3F8042370470070024070B5887880
:108F0000404D00F07F0318220C26C4095A4306FB8B
:108F100004228E882A44C6F30A061681CA7802F013
:108F20000302012A29D00121374A01FA03F5D4B9F5
:108F300003F10C06B140C2F80413D2F8141503F57E
:108F400094732943C2F8141542F823402E4BC3F8FA
:108F5000180540F48070C3F80C05BFF36F8FBFF3A2
:108F60004F8F012013E002339940C2F80413D2F866
:108F700010352B43C2F81035E8E7082B08D04FF026
:108F8000E023D3F8F03DDB0700D500BE002070BD24
:108F90001D4BDCB9B5F8D42012B18022C3F81C25D2
:108FA0000022C3F85021D3F8002312F4001208BFA6
:108FB000C3F85421144B4FF44012C3F80423D3F8E0
:108FC000142542F48072C3F81425BFE70022C3F8C9
:108FD0002C21B5F8C82012B18022C3F81C25D3F883
:108FE000002312F4001208BFC3F85421064B074AAD
:108FF000C3F80423D3F8102542F48072C3F8102577
:10900000A4E700BF94C300200070024000082000C5
:109010002DE9F8431D4B1E4DDFF88080802201248E
:10902000C3F88420274604F10C03A21C07FA02F2BD
:1090300007FA03F31343C5F80833A30003F1804391
:1090400003F51C3300264FF018095E6009FB04800D
:109050009E624A463146013402F0ACFB082CE2D154
:109060000C4BC5F808334A46C5F81C650A486E62C1
:109070003146AE6402F09EFB044BC5F814758022A5
:10908000C5F810755A60BDE8F88300BF00E100E044
:10909000007002400008300054C4002094C3002037
:1090A000F7B51F4601F07F0018231F4CCD090E466F
:1090B00043430C2101FB053104EB010C62500022FB
:1090C000ACF80470ACF8062020BBF7B9174BD3F806
:1090D0008034C3F3C0139D4217D01548FFF75AFEE2
:1090E000144B5B68C3F30803003B18BF01230093D4
:1090F0003A463B463146384600F0D0FE012003B0E8
:10910000F0BD0D48FFF746FEF8E7002DF9D0FFF758
:1091100071FEF3E7002DFAD11C44A37A002BEDD0A9
:10912000A572FFF79DFEE9E794C30020007002409E
:109130005070024000ED00E04C70024011F07F00E2
:1091400008B507D10D4B01225A65BFF36F8FBFF3EE
:109150004F8F08BD0828F8D0084B41F48072C90928
:10916000C3F81825F1D1064B182202FB00339A7A76
:10917000002AEAD09972FFF773FEE6E7007002401A
:1091800094C3002011F0770F12D00A4B41F4807283
:10919000C3F80C15C3F80C25CA09C3F8181504BF89
:1091A00001F5947143F82120BFF36F8FBFF34F8F08
:1091B000704700BF00700240174B0122002110B51C
:1091C000C3F81425C3F810250A468B0003F1804329
:1091D00003F51C33013108295A609A62F5D10E4B10
:1091E0000E4C5A629A64C3F85821D3F80014D3F88D
:1091F00000240A43C3F80024D3F80023C3F808234B
:10920000074AC3F804230021DC22204602F0D2FAE8
:109210004023A382238110BD0070024094C300202C
:109220000514C0012DE9F04FB34BB44AD3F8001335
:10923000002385B01C4601201D4621FA03F6F607DF
:109240000BD552F8236046B100FA03F6344342F8D6
:109250002350BFF36F8FBFF34F8F0133192BECD126
:10926000E20706D5FFF7A8FF00210122084600F01B
:10927000E6FD14F4006FA24D08D09F4BD3F8A8363A
:109280009BB2A5F8D230012385F8D730A30221D5AF
:10929000994ED6F8143513F4807302D0FFF7CAFD47
:1092A0000123D6F81025D70540F11A8195F8D7305B
:1092B0005BB1B5F8D2200023012185F8D73092B2F6
:1092C00000911846882100F0E9FD012203210020C9
:1092D00000F0A2FD600228D5874BD3F8006406F4A5
:1092E000E062F105C3F8002406D50122C3F82C255D
:1092F0000421002000F090FD72050FD57E4B012265
:10930000C3F808259A65D3F8002312F4001208BFA9
:10931000C3F854214FF40012C3F80423B30504D555
:1093200001220521002000F077FD27022BD5724B8A
:10933000D3F88014C9B28DF80810D3F88424D2B2BF
:109340008DF80920D3F888048DF80A00D3F88C042E
:109350008DF80B00D3F890048DF80C00D3F894042A
:109360008DF80D00D3F898048DF80E00D3F89C34D6
:109370008DF80F304E0601D1052A04D0012202A932
:10938000002000F072FD5F4B23405BB195F8D830B0
:10939000002B40F0AD804FF0E023D3F8F03DD8072C
:1093A00000D500BEDFF85891DFF84CA14F460026EB
:1093B0004FF0140B4FF0180806F10C0324FA03F3D6
:1093C000D90720D50BFB06A33A68D3F8083708FB6A
:1093D000065152FA83F23A60CA88DBB213FA82F27B
:1093E00092B2082ECA8000F093803A899A4240F0E7
:1093F0008F80CB88BA889BB29A4240F2898016B996
:109400004148FFF7C7FC0136092E07F11807D3D1F1
:109410003E4B2340002B60D0374BD3F86CA4C3F8ED
:109420006CA4BFF36F8FBFF34F8F14F480641CBF25
:10943000D3F88044D3F88074DFF8C4801DBF87F070
:109440008007C4F3C014C7F3C017274600264FF0A7
:10945000180B2AFA06F3DA0701D4EEB9E4B1264B69
:10946000142202FB0633D8F80C20D3F8083652FA3F
:1094700083F2C8F80C200BFB0652F0B2518A89B275
:1094800051FA83F39BB25382538AB8F810109BB2FF
:1094900099424BD9FFF7AEFC0136082E08F11808A7
:1094A000D7D1002418264FF0010804F110032AFA3E
:1094B00003F3DB0701D45CB957B106FB0452B9F8DA
:1094C0000410D3889BB299423BD9E0B2FFF7C8FCA5
:1094D0000134082C09F11809E7D105B0BDE8F08F77
:1094E000002B7FF4F2AE4FF40013C6F80833ECE61D
:1094F000002385F8D83055E7007002400071024023
:1095000094C30020FCFB1F004C70024000040001CB
:1095100008FB0653F1B2DA88BA80DA880123009397
:10952000002392B2184600F0B9FC6CE7528A01237E
:109530000093002340F0800192B2184600F0AEFC88
:10954000AAE782F80A80C3E7012813B5044600F0B1
:10955000C380022859D0002855D1784BD3F8002574
:10956000002A50D14FF48002C3F808234FF4006260
:10957000C3F80024BFF36F8FBFF34F8FFFF7A6FB35
:1095800060B16F4BD3F8001C032269BB49F27531FF
:10959000C3F8001CC3F8142DC3F8001C4FF080530F
:1095A000D3F83031082B0CD1654BD3F8001CC02206
:1095B000E9B949F27531C3F8001CC3F8142CC3F89B
:1095C000001C5E4B0124C3F80045BFF36F8FBFF34F
:1095D0004F8FFFF7C3FBB0B9FFF7A8FB50B102B044
:1095E000BDE81040FFF79ABBC3F8142DD6E7C3F8C7
:1095F000142CE6E74FF08043C3F80001D3F80021B4
:109600000192019A1C6002B010BD4C4CD4F8043594
:109610001BB1FFF7A3FB0028F5D1D4F800341B05DC
:10962000FBD54FF40063C4F80034BFF36F8FBFF372
:109630004F8F4FF08053D3F83031082B0CD1404B73
:10964000D3F8001C00293FD149F27532C3F8002C31
:10965000C3F8141CC3F8002CFFF738FB58B1384B83
:10966000D3F8001CA1BB49F27532C3F8002CC3F833
:10967000141DC3F8002C4FF08053D3F83031082B61
:109680002E4B0AD140F2E372C3F800284022C3F8FF
:109690000428BFF36F8FBFF34F8F80220121C3F8DF
:1096A0001C25C3F80413274BC3F884215A60FFF725
:1096B00055FB0028FBD0214B0122C3F80425BFF342
:1096C0006F8FBFF34F8F9EE70022C3F8142CC3E7C0
:1096D0000022C3F8142DCEE7184BD3F80025002A3A
:1096E00091D00022C3F80425BFF36F8FBFF34F8FD3
:1096F00014498020C1F88400D3F80013C3F808137C
:10970000C3F80025BFF36F8FBFF34F8FFFF70EFB3A
:1097100078B1FFF705FB0C4B5A68C2F30802003A18
:1097200018BF01220221002002B0BDE8104000F065
:1097300073BB4FF080435C60EDE700BF00700240F8
:1097400000E0064000E100E000ED00E00A440346CE
:1097500090B2884202D39A89824202D25B8918442D
:1097600080B2704782888A4210B504D884898B1AE7
:109770009BB29C4203D243891A44891A8BB203825A
:1097800010BD930813B501EB8303044699420BD136
:1097900012F0030206D0002301A8019302F03EF963
:1097A000019B236002B010BD51F8040B2060EDE76F
:1097B0002DE9F347BDF82850AB42A3EB05068846D8
:1097C000194638BF4389B6B23CBFF31A9EB28388AC
:1097D000B3420746144604D2FFF7C4FF058A8688C1
:1097E000ADB20EB3A64228BF2646BC88AC421FD9F4
:1097F000FA883B68A4EB0509341B2C4402FB0535B1
:109800009DF82C301FFA89F114FB02F419FB02F9C0
:10981000012B1FFA89F9A4B217D08E420BD87243DC
:109820002946404602F0FAF8304602B0BDE8F0871B
:109830002D1BADB2DAE74A462946404602F0EEF863
:109840003968224608EB0900ECE78E4207D816FB80
:1098500002F292B229464046FFF793FFE4E729F06F
:10986000030A1FFA8AFA524629464046FFF789FF43
:1098700019F003092DD0C9F1040189B2A14228BF12
:109880002146AA44641A002309F1FF300DF1040CAB
:10989000A4B20193C0B25546624615F8013B0CF8DC
:1098A000013BA9EB05035AFA83F3DBB2002BF4D199
:1098B0003B68024419448B4206D1019BC8F8003032
:1098C000002CB1D02246C6E713F8010B02F8010FB5
:1098D000F1E73968F4E713B5930800EB8303984286
:1098E00009D112F0030204D00B68019301A902F020
:1098F00095F802B010BD0C6840F8044BEFE770B566
:109900009A42A2EB03041D4638BF4389A4B238BF74
:10991000E41A838838BFA4B2A3420E46114602D28D
:10992000FFF720FF848874B18388AB4208D9C288CE
:109930000168304602FB051102F070F8012070BD8D
:10994000ED1AADB2F1E72046F9E72DE9F74F894668
:10995000B0F80E80018A85881646027A07461FFAFB
:1099600088F889B2A2BB8845A8EB010238BF4189BB
:1099700092B23CBF521A92B2AA1A92B2964228BF31
:1099800016464446AC422CD2A5EB040AFA88396844
:10999000751B25441FFA8AF015FB02F51AFB02FA23
:1099A000012B1FFA8AFAADB202FB041426D08642BC
:1099B0001AD872434946204602F030F832464146F2
:1099C0003846FFF7C3FEF881304603B0BDE8F08F9C
:1099D000AE42D6D3C288761B02FB069988462E4635
:1099E000CFE7641BA4B2CDE752464946204602F0B9
:1099F00015F838682A4609EB0A01DDE7864207D8E0
:109A000016FB02F292B249462046FFF764FFD5E703
:109A10002AF0030B1FFA8BFB5A4649462046FFF7F4
:109A20005AFF1AF0030A2FD0CAF1040292B2AA42D6
:109A3000D9F80030019328BF2A460AF1FF3AAD1A3F
:109A40005FFA8AF30BF1FF3B0DF1040CADB25C44FD
:109A5000184661460138C0B21CF801EB04F801EF6A
:109A6000FF28F7D1386801330B449C18411E9C42F3
:109A700005D11044002DA1D02A464946C5E713F868
:109A800001CB01F801CFF2E73868F3E7B2F5004FF8
:109A900010D882805200C38092B29DF800300372C9
:109AA000531E838152420023C3810160428103829D
:109AB0000120704700207047C189028A89B292B2A2
:109AC0009142A1EB020338BF428980889BB23CBF20
:109AD0009B1A9BB2984228BF18467047C289038AD6
:109AE00092B29BB2D31A58425841704710B5C189FF
:109AF000028A848892B289B29142A1EB020338BFF4
:109B000042899BB23CBF9B1A9BB2E01A80B210BD47
:109B100038B5C289038A04469BB292B2FFF7EFFEC2
:109B2000218A0546024689B22046FFF70FFE2082B1
:109B3000284638BD73B5C389058A0026ADB20446F0
:109B4000CDE900569BB2FFF733FE218A0546024657
:109B500089B22046FFF7FAFD2082284602B070BD88
:109B600038B5C589028AADB292B2AA42A5EB02030A
:109B700088BF42899BB288BF9B1A828888BF9BB2EC
:109B80009A42044601D1007A78B1284690420DD21B
:109B9000E288236802FB003001F040FF01222946E1
:109BA0002046FFF7D3FDE081012038BD801A80B246
:109BB000ECE712B10023FFF7C8BE10467047002340
:109BC000C381038283885B009BB25A1E5B42828101
:109BD0004381012070470172012070470B4B63B134
:109BE0000B4B1B78834206D90A4B1B6800EB4000E5
:109BF00003EBC0007047C01AC0B2012803D8064B5F
:109C000000EB4000F4E70020704700BF00000000B8
:109C100035C5002038C5002008C30F0070B5104EB0
:109C2000054600242046FFF7D9FF43682846984799
:109C300033780134E4B20133A342F3DA372200214E
:109C4000084801F0B7FD1022FF21074801F0B2FDDE
:109C5000BDE8704005481222FF2101F0ABBD00BFF6
:109C600035C500203CC500203FC500204FC5002061
:109C700070B50C4605461646C86800F089FDE368D5
:109C8000324628460021BDE87040184770B50546A9
:109C90000E4614462AB90378012B02D11046FFF76D
:109CA00013F93146281DFFF75BFF06462CB92B78C8
:109CB000012B02D12046FFF701F936B94FF0E0231E
:109CC000D3F8F03DDB0700D500BE70BD024B5878DD
:109CD000003818BF012070473CC50020024B18789F
:109CE000C0F38000704700BF3CC50020014B1878CE
:109CF000704700BF34C50020F8B5164E31780546D0
:109D000029BB3722144801F055FD1448FFF757FFCF
:109D1000134B144A1A60144B23B11448AFF300805C
:109D2000134B1860114F00242046FFF757FF0368BC
:109D300098473B780134E4B20133A342F4DA284671
:109D4000FFF7BAF82846FFF7B9F80123337001206E
:109D5000F8BD00BF34C500203CC500207C82002037
:109D600070C40020788200200000000035C500206B
:109D700038C500201FB54378023B0A46032B12D892
:109D8000DFE803F0022A1921214B197821F00101A3
:109D900019701978002421F0020119705C7019788B
:109DA00064F3820119701B4B0146186804B0BDE8CA
:109DB0001040FFF76BBF164B1978C90726D51978E5
:109DC00041F00401EEE712490B78DC071ED50B7851
:109DD00023F004030B70E6E70D490B785B0715D5FC
:109DE0000B7823F004030B700023CDF80630CDF878
:109DF0000A30ADF80E3003788DF8043005238DF865
:109E00000530044B01A91868FFF740FF04B010BDEE
:109E10003CC5002070C400201FB500238DF804004D
:109E20008DF8051001A81146CDF80630CDF80A309E
:109E3000ADF80E30FFF79EFF05B05DF804FB1FB5CF
:109E40000023CDF80630CDF80A30ADF80E308DF88D
:109E5000040001238DF8081001A811468DF8053083
:109E6000FFF788FF05B05DF804FB1FB5002314461B
:109E70000822CDF80630CDF80A30ADF80E308DF856
:109E8000040006230DEB02008DF8053001F0C6FD3D
:109E9000214601A8FFF76EFF04B010BD1FB50024D6
:109EA0008DF804000720CDF806408DF805008DF8E8
:109EB000081001A89DF81810ADF80A4003928DF81B
:109EC0000930FFF757FF04B010BD1FB54FF4006312
:109ED000CDE90130039101A81146FFF74BFF05B012
:109EE0005DF804FB38B58B7803F07F03082B05463B
:109EF0000C4608D94FF0E023D3F8F03DDB0700D53E
:109F000000BE002038BD064B2046997801F0C5FA06
:109F10000028EFD021462846BDE83840FEF7EEBFC6
:109F20003CC500202DE9F047DDE9086781460C4675
:109F300090469A460025A84501DC01200AE0637896
:109F4000052B09D04FF0E023D3F8F03DDB0700D517
:109F500000BE0020BDE8F087E37803F0030353451B
:109F6000F0D121464846FFF7BDFF0028EAD0A3788C
:109F7000DA0914BF3B703370237801351C44DAE7EB
:109F80000B4B01F07F0203EB420303EBD1112031B5
:109F9000487910F0010008D14B795B0706D44B7962
:109FA00043F004034B71012070470020704700BF4D
:109FB0003CC500200B4B01F07F0203EB420303EB97
:109FC000D11120314B7913F0010209D14B79C3F340
:109FD00080005B0705D54B7962F382034B717047B4
:109FE000002070473CC5002070B5124C01F07F0680
:109FF00004EB460404EBD11420346579ED0708D551
:10A000004FF0E023D3F8F03DDB0700D500BE002081
:10A0100070BD657945F001056571FFF741F80028CD
:10A02000F6D1627960F300026271627960F38202B4
:10A030006271E5E73CC50020054B01F07F0203EBB0
:10A04000420303EBD11191F8250000F001007047A5
:10A050003CC5002010B50B4C01F07F0204EB42041C
:10A0600004EBD114203463799B0709D4FFF766F819
:10A07000637943F002036371637943F00103637111
:10A0800010BD00BF3CC5002010B50B4C01F07F0295
:10A0900004EB420404EBD114203463799B0709D507
:10A0A000FFF770F8637923F002036371637923F09B
:10A0B0000103637110BD00BF3CC50020054B01F0DA
:10A0C0007F0203EB420303EBD11191F82500C0F3AB
:10A0D000400070473CC500202DE9F04F87B001F0EB
:10A0E000DAF9002800F08B82B24CB34B1E6833784B
:10A0F000012B02D10020FEF7E7FE03A9301DFFF778
:10A1000007FD3378012B054602D10020FEF7D6FE6D
:10A11000002D00F074829DF80D30013B072B00F2FA
:10A12000AA82DFE813F0080012009002770285028D
:10A130001E004402A1029DF80C00FFF76FFD00F025
:10A140001FFB9DF81030A370CFE79DF80C00FFF7C0
:10A1500065FD00F015FB994B002BC6D0FEF7B3FD53
:10A16000C3E723789DF80C5043F00103237094F863
:10A17000253023F0010384F8253094F8253023F0AE
:10A18000040384F8253094F8263023F0010384F882
:10A19000263094F82630002023F0040384F826307B
:10A1A00000F0F6FA9DF8106006F06002602A11D106
:10A1B0004FF0E023D3F8F03DDD0700D500BE9DF859
:10A1C0000C000021FEF7BAFF9DF80C008021FEF77D
:10A1D000B5FF8AE7402A0DD179480028EFD000F07A
:10A1E000D7FA04AA00212846AFF3008000287FF4A4
:10A1F0007CAFE4E706F01F06012E00F06D81022E11
:10A2000000F09481002ED3D1202A0FD19DF8143074
:10A210000F2BD4D82344D878FFF7E0FC0146002860
:10A22000CDD004AA2846FFF723FDDFE7002ABFD1DF
:10A230009DF81130092BBBD801A252F823F000BFC2
:10A24000C3A40F00B1A40F00B1A10F009DA40F0083
:10A25000B1A10F0069A20F00E7A30F00B1A10F0089
:10A2600083A20F0099A20F0004A800F097FA9DF8AE
:10A2700012102846FEF730FE237843F002032370C5
:10A2800033E763788DF80A3001230DF10A0204A93F
:10A29000284600F049FA28E79DF81290637899451E
:10A2A00037D063783BB12846FEF7B2FEA678284641
:10A2B000FFF7B4FCA670B9F1000F2AD009F1FF3006
:10A2C000C0B2FEF7F9F810B14378022B08D04FF076
:10A2D000E023D3F8F03DDF077FF56AAF00BE67E704
:10A2E000C379C3F38012C3F340131B0143EA421343
:10A2F000227822F03002134323704388C31800F100
:10A3000009060093009BB3420AD82E4B0BB1FEF70F
:10A31000D2FC84F8019004A9284600F0F3F9E4E6A1
:10A3200073780B2B03BF337896F80380F6184FF041
:10A3300001087378042BCAD1009BA3EB060A1FFA0D
:10A340008AF300270193BA463846FFF747FC3146A7
:10A350008368019A8346284698470828024639D9D7
:10A36000019B834236D3B8F1010F06D1DBF8081008
:10A37000154B994208BF4FF002080021CBB2984517
:10A380000DD83B4631461148019201F0B5F8104B0B
:10A39000019A1B78013353451644B3DA97E7B07836
:10A3A000034454FA83F30131D878FF288FD1DF704A
:10A3B000E4E700BF3CC5002070C40020C78C0F003C
:10A3C00000000000B78C0F0029AA0F004FC5002025
:10A3D00035C50020AC4B1B780137FFB20133BB42BF
:10A3E000BA46B1DA73E7BDF812301A0AD8B2531E72
:10A3F0000E2B3FF6E4AE01A151F823F039A40F0073
:10A4000063A40F007BA40F00BFA10F00BFA10F002A
:10A410008FA40F0063A40F00BFA10F00BFA10F0006
:10A42000BFA10F00BFA10F00BFA10F00BFA10F0070
:10A43000BFA10F004BA40F00FEF73AF8122302460B
:10A4400004A9284600F070F9D0E6904B002B3FF4A9
:10A45000B6AEAFF30080024600283FF4A9AE4388B1
:10A46000EEE7022A02D1FEF727F8F4E7884B002B2B
:10A470003FF4A5AEAFF30080EDE7BDF81410FEF792
:10A4800079F8024600283FF49AAE0378D8E7814B6A
:10A49000002B3FF494AEAFF30080F2E7BDF812302A
:10A4A000012B7FF48CAE237843F00803237032E74E
:10A4B000BDF81230012B7FF482AE237823F008031D
:10A4C000F4E72378C3F340129B0803F0020313431D
:10A4D000ADF80A300223D8E69DF814300F2B3FF672
:10A4E0006EAE2344D878FFF779FB014600283FF48D
:10A4F00066AE04AA2846FFF7BBFB00287FF4F5AD43
:10A500009DF8103013F060077FF459AE9DF81130BC
:10A510000A3B012B3FF653AE00F03AF99DF811309B
:10A520000A2B7FF4F8AE8DF80A70ADE69DF8141092
:10A5300001F07F03082B3FF63BAE04EB430303EB34
:10A54000D113D87CFFF74AFB07462AB100283FF415
:10A5500036AE04AA014665E69DF8113003F0FD020F
:10A56000012A08D0002B7FF423AE2846FFF7A6FD72
:10A57000ADF80A00AEE7BDF8122022B9012B28463B
:10A5800012D1FFF781FD002F3FF4AFAD04AA394689
:10A590002846FFF76DFB002000F0FAF894F826300B
:10A5A000DE073FF5A2ADB6E6FFF754FDEBE79DF8F9
:10A5B000101001F07F0504EB450202EBD11292F876
:10A5C000253023F0010382F8253092F8253023F05E
:10A5D000040382F825303DB9059B9DF811209DF8B4
:10A5E0000C0000F0E9F880E5D07CFFF7F7FA48B9F5
:10A5F0004FF0E023D3F8F03DD80700D500BE07B0F8
:10A60000BDE8F08F0569059B9DF811209DF80C00B1
:10A61000A8476AE52378D9077FF567AD1E4B002B65
:10A620003FF463AD2078C0F3C000AFF300805CE579
:10A630002378DA077FF559AD184B002B3FF455AD61
:10A64000AFF3008051E5104E00252846FFF7C6FA0B
:10A65000436913B19DF80C00984733780135EDB28A
:10A660000133AB42F1DA40E5049B002B3FF43DADF2
:10A670000598984739E54FF0E023D3F8F03DDB0724
:10A680007FF533AD00BE30E535C500200000000089
:10A6900000000000000000000000000000000000BA
:10A6A00070B5124B9989DA898C1AA4B2054693F9D0
:10A6B0000000402C28BF402400280EDA914212D01E
:10A6C00099680B48224601F0A9F98021084A2346DF
:10A6D0002846BDE87040FFF787BC91424FF000016B
:10A6E000F4D10A46F3E780210022F0E7B4C5002048
:10A6F00074C50020C94300231A4601F08001FFF70A
:10A7000073BC000030B4074C05460B460868496826
:10A71000224603C20022C4E902222846197830BC2E
:10A72000FFF7E8BFB4C50020F8B5144E0C46054647
:10A7300008684968B260374603C70021F181E188A3
:10A740008B4228BF0B46B381E18889B14BB142B936
:10A750004FF0E023D3F8F03DDB0700D500BE00202A
:10A7600005E02846FFF79CFF0028F1D00120F8BD46
:10A7700021782846FFF7BEFFF6E700BFB4C50020EA
:10A7800002481422002101F015B800BFB4C5002012
:10A79000014B1861704700BFB4C5002010B50246D8
:10A7A000044C00685168234603C30023C4E9023304
:10A7B00010BD00BFB4C5002070B5294C1E462378DB
:10A7C000C909B1EBD31F054615D03EB14FF0E023C8
:10A7D000D3F8F03DDB0741D4002070BD214B13B10D
:10A7E0002146AFF3008023691BB11D4A0221284690
:10A7F00098470120F1E794F90030A068002B05DBB1
:10A800000028E9D01849324601F008F9A268E38926
:10A8100032443344A260E2889BB29A42E38101D081
:10A820003F2E17D8236933B921782846FFF762FFF6
:10A830000028DED1CAE70121094A28469847014687
:10A840000028F1D12846FEF779FC80212846FEF742
:10A8500075FCCEE72846FFF723FFE9E700BEBBE71C
:10A86000B4C500200000000074C5002070B500F1E0
:10A87000100504462846FFF739F93F2817D9E17833
:10A880000020FFF77DFB90B12846FFF72FF93F2806
:10A89000E17807D904F638024023BDE87040002073
:10A8A000FFF7A2BBBDE870400020FFF783BB70BD7F
:10A8B00008B5044B40F6B80202FB0030FFF7FCF885
:10A8C00008BD00BFD8C5002040F6B80370B503FB33
:10A8D00000F4064E04F1100092B23044FFF72AF95A
:10A8E00005463019FFF7C2FF284670BDC8C50020D5
:10A8F0002DE9F0410446FFF7E9F970B3FFF7EEF9EF
:10A90000064650BB40F6B803DFF860805C4304F1B4
:10A91000240545442846FFF7CFF8F0B108EB0407BB
:10A920003046B978FFF72CFBB8B104F678044444FC
:10A93000214628464022FFF7FDF8B978054688B140
:10A94000034622463046FFF74FFB48B94FF0E0235D
:10A95000D3F8F03DDB0700D500BE0020BDE8F08154
:10A960002846FBE7FFF726FBF7E700BFC8C5002036
:10A9700070B50A4D40F6B80303FB005592B2044689
:10A980002846FFF716F906462846FFF795F83F28B0
:10A9900002D92046FFF7ACFF304670BDECC5002061
:10A9A00037B5144C40F6B8020021204600F002FFF3
:10A9B000FF234FF4424201256371E2800023082205
:10A9C00063812273258104F1380100934FF4806282
:10A9D0002B4604F11000FFF759F800952B464FF471
:10A9E000806204F5876104F12400FFF74FF803B09B
:10A9F00030BD00BFC8C5002010B50A4C002105229B
:10AA0000204600F0D7FE04F110002434FFF7D7F8F9
:10AA10002046FFF7D4F820460121BDE81040FFF79B
:10AA2000DAB800BFC8C50020F7B54B79022B06463F
:10AA30000CD18B79022B09D1234FBB7853B14FF046
:10AA4000E023D3F8F03DDB0700D500BE0025284603
:10AA500003B0F0BD8B783B700B780925CC18637878
:10AA6000242B21D195421AD96378042B13D1637911
:10AA70000A2B10D1154B2778019301330093022341
:10AA80001A46E1193046FFF74DFA0028D7D00E35A7
:10AA900017FA85F5ADB20C48FFF7E8FED7E7237843
:10AAA0001D44ADB21C44DAE7052BDDD1214630460A
:10AAB000FFF718FA0028C2D0A3787B7023781D44D2
:10AAC000ADB21C44D0E700BFC8C50020CAC50020F5
:10AAD00070B50B461146127802F06002202A45D16B
:10AAE000234E8A883478944240D14A78203A032A07
:10AAF0003CD8DFE802F00213162F2BB91D4A0723BA
:10AB0000FFF712FE012070BD022BFBD11A4B002B68
:10AB1000F8D018490020AFF30080F3E7002BF1D103
:10AB2000ECE713B9FFF7EEFDECE7022BEAD14C8816
:10AB30001248347104F0010585F00101FFF74BF86C
:10AB40000F4B002BDED0C4F3400229460020AFF3A8
:10AB50000080D7E7002BE5D0022BD3D1094B002B87
:10AB6000D0D049880020AFF30080CBE70020CAE7AF
:10AB7000C8C50020CEC5002000000000ECC50020A4
:10AB800000000000000000002DE9F047344C1D4695
:10AB9000E3788B4207460E4612D1AAB204F638017A
:10ABA00004F11000FFF705F82E4BB3B92E4B73BB21
:10ABB0002B48FFF75BFEA378B34230D001200AE0B8
:10ABC000A3788B42F7D04FF0E023D3F8F03DDB07BA
:10ABD00000D500BE0020BDE8F0876379FF2BE5D0EB
:10ABE00004F637094FF0000804F1100AA845DDD03B
:10ABF000627919F8013F9A4206D15046FEF76EFF7E
:10AC000010B96179AFF3008008F10108EEE7174849
:10AC1000FEF764FF0028CBD1FDF798F9C8E7144B85
:10AC200013B10020AFF300800020FFF761FE002881
:10AC3000C4D11048FEF740FF0028BFD1002DBDD081
:10AC400015F03F05BAD1A1783846FFF799F90028E9
:10AC5000B4D0A1782B462A463846FFF7C5F9ADE7B0
:10AC6000C8C50020000000004D7F0F00D8C500209F
:10AC700000000000ECC5002030B4104B02249A6B99
:10AC800083F82C10996883F8304093F83C408A1A76
:10AC90009A6224B942F205059D8783F83E4051B17E
:10ACA0004AB11A7BD20930BC14BF93F82E1093F826
:10ACB0002F10FFF7CFB930BC704700BF80DE0020F7
:10ACC00038B5154B154C054673B1607BAFF300806A
:10ACD00050B942F2077384F83E00A3872846012149
:10ACE000BDE83840FFF7C8BFA26BA36894F82F10E7
:10ACF0009B1AB3F5805F28BF4FF48053084A9BB27C
:10AD00002846FFF771F930B94FF0E023D3F8F03D52
:10AD1000DB0700D500BE38BD0000000080DE00204B
:10AD200080CE002073B5234CE28AA368054622B189
:10AD300052BA92B2B3FBF2F292B2A06BD4F81110F5
:10AD4000B0FBF2F61B1AB3F5805F28BF4FF48053B7
:10AD5000009309BA184B02FB16023144607BFDF7E1
:10AD60007FFC031E0CDA43F20333A3870121002387
:10AD7000284684F83E3002B0BDE87040FFF77CBF43
:10AD800094F82E1006D100931A462846FFF786F84D
:10AD900002B070BD084A9BB22846FFF725F900288B
:10ADA000F6D14FF0E023D3F8F03DDB07F0D500BE3D
:10ADB000EEE700BF80DE002080CE00208368C28ADC
:10ADC00023B9003A18BF012250007047C17B2829DF
:10ADD00004D1017BC90906D1022070472A2902D17A
:10ADE000017BC909F8D13AB152BA92B293422CBF51
:10ADF000002001204000704701207047044880F87F
:10AE00003C1080F83D2080F83E300120704700BFA4
:10AE100080DE002002484022002100F0CBBC00BFB1
:10AE200080DE002002484022002100F0C3BC00BFA9
:10AE300080DE002073B54B79082B05460ED18B7947
:10AE4000062B0BD1CB79502B08D1162A09D84FF0FD
:10AE5000E023D3F8F03DDA0700D500BE002002B0B1
:10AE600070BD134C8B7884F82D3004F12E030E78CE
:10AE7000019304F12F03009302231A463144FFF794
:10AE800051F80028E3D0002384F8303094F82F10D4
:10AE90001F2322462846FFF7A7F828B94FF0E023E2
:10AEA000D3F8F03DDB0701D41720D8E700BEFBE75D
:10AEB00080DE002073B50546144611B1012002B0B2
:10AEC00070BD137803F07F02022A47D16278012A0D
:10AED00044D16288002A41D1A3883D4C94F83020A7
:10AEE000042ADBB203D11946FFF7B4F8E6E794F879
:10AEF0002E10994218D1022AE0D1A26BA3689B1AA6
:10AF0000A362032384F8303004F120020D23FFF7FD
:10AF10006BF80028D2D14FF0E023D3F8F03DDB07E7
:10AF200000D500BE0020CAE794F82F609E42C5D12C
:10AF3000002AC3D13146FFF77FF80028BED1314641
:10AF40002846FFF7BBF80028B8D1002384F830303A
:10AF50001F4A94F82F101F232846D8E703F06003F8
:10AF6000202BDFD16378FE2B15D0FF2BDAD163883D
:10AF7000002BD7D1E1888AB2002AD3D1144B2846BE
:10AF800099872146C3E90D2283F8302083F83E20BB
:10AF9000FFF7B8FB92E76388002BC3D1E388012B4E
:10AFA000C0D18DF807300B4B1BB1AFF300808DF88B
:10AFB00007009DF80730002BB4D0013B8DF8073017
:10AFC0000DF10702012321462846FFF7ADFB75E787
:10AFD00080DE0020000000002DE9F041B24C94F822
:10AFE0003070012F8EB005461E4600F09581032F6C
:10AFF00000F00182002F3FD194F82F308B4253D1C3
:10B000001F2E03D12268A94B9A4210D094F82E101B
:10B010000423284684F83030FFF71CF894F82F10EA
:10B020002846FFF717F800200EB0BDE8F081A04BCE
:10B0300023626368E67BD4F8088084F82C70C4E946
:10B040000937012384F8303006F0FD03282BC4E9CA
:10B050000D872BD12046FFF7B1FE014618B12846D7
:10B06000FFF70AFE08E0B8F1000F56D0282E40F096
:10B070009E812846FFF756FE94F83030022B13D1FC
:10B0800094F82E102846FFF719F868B9A368A26B48
:10B0900094F82E10934240F2D781207BC00900F033
:10B0A000D3812846FEF7D6FF0120BDE7B8F1000F97
:10B0B00017D0237BDB0914D1B8F5805F01D90121BA
:10B0C000CDE77C4A1FFA88F32846FEF78DFF00285B
:10B0D000D2D14FF0E023D3F8F03DDB07A3D500BE7B
:10B0E000A1E7252E677B08D8192E1AD8032E00F069
:10B0F000ED80122E00F09F8096B394F83C30002B28
:10B10000DDD1A38E6B4A6C49607BFDF79BFA031E71
:10B11000D5DB60D1A368002BD1D1022384F8303075
:10B12000AAE71A3E0B2EE8D801A353F826F000BF79
:10B130007DB20F0081B10F00FBB00F00FBB00F001C
:10B14000FBB00F00FBB00F00FBB00F00FBB00F0017
:10B15000FBB00F00F1B10F00FBB00F009BB10F006F
:10B160003846FDF76DFA0028D4D194F83C30002B16
:10B17000C3D140F20243A387002384F83E30BCE7EA
:10B180004E4B002BC6D0E17C3846C1F3400301F0A2
:10B1900001020909FDF706FBE5E70DF10E0204A91E
:10B1A0003846FDF7F7FA049BBDF80E2003B13AB913
:10B1B00094F83C30002BA0D140F20242A287DCE799
:10B1C00012BA013B1BBA06923A480593082205A918
:10B1D00000F024FC0823A268002A3FF470AF9342D9
:10B1E00028BF13466363334A94F82E109BB26BE773
:10B1F0000023CDE90533079308238DF817300DF1AF
:10B200000E02022304A938468DF81C30FDF7C2FA5D
:10B21000049A002ACCD0BDF80E30002BC8D012BA48
:10B220005BBA06922348ADF81E300C2205A900F047
:10B23000F5FB0C23CFE72422002105A800F0BAFA81
:10B240001F4B05930822202107A800F0B3FA102213
:10B25000202109A800F0AEFA042220210DA800F058
:10B26000A9FA0DAB09AA07A93846FDF7B5F91148A7
:10B27000242205A900F0D2FB2423ACE70323059385
:10B28000104B0BB33846AFF300809DF8163080F0BA
:10B29000010060F3C713042206488DF8163005A993
:10B2A00000F0BCFB042396E780DE002055534243A8
:10B2B0005553425380CE00208FDE0020A5870F001B
:10B2C00000800202000000000120DEE712220021BF
:10B2D00005A800F06FFAF02394F83C208DF81430A4
:10B2E0000A238DF81B304FF0000362F303038DF83F
:10B2F000163094F83D308DF820305A4894F83E309E
:10B300008DF82130122205A900F088FB0023A387C5
:10B3100084F83E3012235EE7E37BA06B282B06D136
:10B32000636B30449842A063BFF4F7AEA1E62A2BCA
:10B3300041D1E28A2AB152BA92B2A368B3FBF2F3C6
:10B340009AB2D4F81110474F009609BAB0FBF2FC3C
:10B350003B4602FB1C026144607BFDF7A3F9011E22
:10B3600009DAA36B3344A36343F20333A3870023B7
:10B3700084F83E30A3E68E4212D9761A39B1A36B17
:10B3800032460B4438463944A36300F07BF900236E
:10B39000009394F82F1032462846FEF77FFD6BE6A7
:10B3A000A36B626B33449342A363BFF4B6AE2846EB
:10B3B000FFF786FC60E6237B3044DB09A0630CD1F9
:10B3C000A38E284A607B04F10F01FDF73BF90028AA
:10B3D00003DA39462846FFF74FFCD4E90D329A428A
:10B3E000BFF49BAE4FF0E023D3F8F03DDA077FF5D2
:10B3F00043AE00BE40E694F82E308B427FF43CAE64
:10B400000D2E7FF439AEE37B282B09D02A2B14D0E4
:10B41000154B53B1607B04F10F01AFF3008004E0E2
:10B42000124B13B1607BAFF30080002384F83030FF
:10B430000F4A94F82F101F2346E60E4B002BF4D032
:10B44000607BFDF74BF9F0E79B1AA362032384F8B6
:10B450003030094A0D232846FEF7C6FD00287FF448
:10B4600023AE36E680CE0020000000000000000081
:10B4700080DE0020DD860F00A0DE002008B5002061
:10B48000FEF73AFC30B94FF0E023D3F8F03DDB078C
:10B4900000D500BE08BDFEF729BC8388C07800F047
:10B4A00003000228C3F30A0314D003281CD0012888
:10B4B0000ED1022940F2FF3208BF4FF480629A4257
:10B4C0000ED24FF0E023D3F8F03DDB0700D500BEED
:10B4D00000207047022904D1B3F5007FF1D101208B
:10B4E0007047402BFBD9ECE7022914BF40224FF4F0
:10B4F00080629A42F3D2E4E730B50A44914200D325
:10B5000030BD4C78052C06D18C7804F07F0500EB1B
:10B510004505E4092B550C782144EFE70649074A15
:10B52000074B9B1A03DD043BC858D050FBDCF9F7EE
:10B53000C5FCF8F789FE00006CC30F0000800020F6
:10B540009C820020FEE7FEE7FEE7FEE7FEE7FEE75F
:10B55000FEE7FEE7FEE7FEE7002301461A4618462F
:10B5600000F07ABB08B5064B044613B1002100F089
:10B57000D1FB044B1B6803B19847204600F0BCFD8B
:10B5800015BD0F00F8DF0020F0B5254FA2F1020E27
:10B59000164605460C460FCF8BB0EC46ACE80F00C4
:10B5A0000FCFACE80F0097E803004CF8040BBEF196
:10B5B000220F8CF800102ED804F1FF3E70464FF099
:10B5C000000CB5FBF6F206FB125328336B446146C0
:10B5D00013F828CC00F801CF2B469E4201F1010C54
:10B5E0001546EED9002304F80C3089B1A444724604
:10B5F0001EF8010F1CF8015D8EF80050A4EB0E033D
:10B600000232013B121B0B449A428CF80000EEDB25
:10B6100020460BB0F0BD0023184623700BB0F0BDE0
:10B6200038C30F00FFF7B0BF032A30B415D941EA81
:10B630000004A40784460B4604D0541E0FE0043ACD
:10B64000032A08D91946604653F8044B5CF8045B9A
:10B65000A542F4D0F1E760461946541E7AB1431E64
:10B660000139021901E09A4209D013F8010F11F8CB
:10B6700001CF6045F7D0A0EB0C0030BC7047002034
:10B6800030BC70478842F0B511D98C1884420ED96D
:10B69000032A00EB020369D8511E3AB1C943214481
:10B6A00014F8012D03F8012D8C42F9D1F0BD032AC5
:10B6B0000FD8034602F1FF3C002AF7D00CF1010C31
:10B6C000013B8C4411F8012B03F8012F6145F9D19E
:10B6D000F0BD40EA01039B0744D10F2A66D9A2F1CD
:10B6E000100323F00F0501F1200C01F1100E00F101
:10B6F0001004AC441B095EF8105C44F8105C5EF862
:10B700000C5C44F80C5C5EF8085C44F8085C5EF87D
:10B71000045C44F8045C0EF1100EE64504F11004DC
:10B72000E9D1013312F00C0F01EB031102F00F0706
:10B7300000EB031338D03C1F24F003064FEA940CAF
:10B740001A1F1E440C4654F8045B42F8045FB242D0
:10B75000F9D10CF1010407F0030203EB840301EBC0
:10B760008401A7E702F1FF3C0346A7E744EA03058B
:10B77000AD07194601D0511E90E7151F25F0030EA5
:10B78000AF08A3EB0E0E25468C4655F8046D41F824
:10B79000046DF445F8D1B90081F00301C94302F00A
:10B7A00003020B440C4477E73A4683E70346174607
:10B7B000C1E700BF830730B547D0541E002A3ED0F2
:10B7C000CAB2034601E0013C39D303F8012B9D07BF
:10B7D000F9D1032C2CD9CDB205EB05250F2C05EBA7
:10B7E000054535D9A4F1100222F00F0C03F1100E1B
:10B7F000E6444FEA121C1A46C2E90055C2E9025556
:10B8000010327245F8D10CF1010214F00C0F03EB69
:10B81000021204F00F0C13D0ACF1040323F0030365
:10B820000433134442F8045B9342FBD10CF003044D
:10B830002CB1C9B21C4403F8011BA342FBD130BD9B
:10B8400064461346002CF4D1F9E703461446C0E7DA
:10B850001A46A446E0E700BF38B50546027803461D
:10B86000800702D10BE09A0708D01846013302780E
:10B87000002AF8D100F074F8284638BD4278E2B1C9
:10B880001868A0F1013222EA000212F0803F0BD1C9
:10B89000184653F8044FA4F1013222EA040212F0D0
:10B8A000803FF5D0027942B1184610F8013F002BD5
:10B8B000FBD100F055F8284638BD1846DAE700BF3E
:10B8C00070B50F4B0F4DAB42A3EB050607D0B6107A
:10B8D000002455F8043B01349847A642F9D800F0FB
:10B8E0000DFC094D094B5E1BAB424FEAA60606D084
:10B8F000002455F8043B01349847A642F9D870BD9E
:10B90000948200209482002094820020988200205B
:10B9100038B5074D074C2C1BA41005D0013C55F839
:10B92000043D9847002CF9D1BDE8384000F0ECBB4D
:10B930009C82002098820020704700BF704700BFA3
:10B94000704700BF704700BF704700BF704700BF1F
:10B950000120704701207047704700BF704700BF4B
:10B9600080EA0102844612F0030F4FD111F0030F59
:10B9700032D14DF8044D11F0040F51F8043B0BD0B7
:10B98000A3F101329A4312F0803F04BF4CF8043B0C
:10B9900051F8043B16D100BF51F8044BA3F101321A
:10B9A0009A4312F0803FA4F101320BD14CF8043BD2
:10B9B000A24312F0803F04BF51F8043B4CF8044B03
:10B9C000EAD023460CF8013B13F0FF0F4FEA332374
:10B9D000F8D15DF8044B704711F0010F06D011F853
:10B9E000012B0CF8012B002A08BF704711F0020F41
:10B9F000BFD031F8022B12F0FF0F16BF2CF8022B2C
:10BA00008CF8002012F47F4FB3D1704711F8012B4E
:10BA10000CF8012B002AF9D1704700BF844641EA97
:10BA2000000313F003036DD1403A41D351F8043BB6
:10BA300040F8043B51F8043B40F8043B51F8043B08
:10BA400040F8043B51F8043B40F8043B51F8043BF8
:10BA500040F8043B51F8043B40F8043B51F8043BE8
:10BA600040F8043B51F8043B40F8043B51F8043BD8
:10BA700040F8043B51F8043B40F8043B51F8043BC8
:10BA800040F8043B51F8043B40F8043B51F8043BB8
:10BA900040F8043B51F8043B40F8043B51F8043BA8
:10BAA00040F8043B51F8043B40F8043B403ABDD217
:10BAB000303211D351F8043B40F8043B51F8043BB9
:10BAC00040F8043B51F8043B40F8043B51F8043B78
:10BAD00040F8043B103AEDD20C3205D351F8043B48
:10BAE00040F8043B043AF9D2043208D0D2071CBF14
:10BAF00011F8013B00F8013B01D30B88038060463D
:10BB0000704700BF082A13D38B078DD010F00303B2
:10BB10008AD0C3F10403D21ADB071CBF11F8013B22
:10BB200000F8013B80D331F8023B20F8023B7BE771
:10BB3000043AD9D3013A11F8013B00F8013BF9D29C
:10BB40000B7803704B7843708B7883706046704736
:10BB500000000000000000000000000000000000E5
:10BB600000000000000000000000000000000000D5
:10BB700000000000000000000000000000000000C5
:10BB800030B490F800F020F007016FF0000C10F0D6
:10BB9000070491F820F040F048804FF000046FF067
:10BBA0000700D1E9002391F840F000F1080082FA83
:10BBB0004CF2A4FA8CF283FA4CF3A2FA8CF34BBB4E
:10BBC000D1E9022382FA4CF200F10800A4FA8CF2C7
:10BBD00083FA4CF3A2FA8CF3E3B9D1E9042382FA95
:10BBE0004CF200F10800A4FA8CF283FA4CF3A2FAAA
:10BBF0008CF37BB9D1E9062301F1200182FA4CF2E2
:10BC000000F10800A4FA8CF283FA4CF3A2FA8CF348
:10BC1000002BC6D0002A04BF04301A4612BAB2FA6A
:10BC200082F200EBD20030BC7047D1E9002304F06F
:10BC30000305C4F100004FEAC50514F0040F91F8A4
:10BC400040F00CFA05F562EA05021CBF63EA050341
:10BC500062464FF00004AAE72DE9F04DDFF8B0A0EE
:10BC60000746DAF800001E4688469346FFF76EFE48
:10BC7000234B1D6835B36C681F2C3ADCB7B1D5F87F
:10BC8000880040B3D0F8003140F824B00122A2402F
:10BC90001343C0F8003100EB8403022FC3F8806027
:10BCA00004D1D0F804311343C0F80431631C0234CA
:10BCB000DAF800006B6045F82480FFF74FFE0020A3
:10BCC000BDE8F08D0F49104A1A6011B10B68C2F837
:10BCD00088300D4DCFE70D4B5BB14FF48470AFF35F
:10BCE000008030B10023C0E940336C68C5F888009B
:10BCF000CAE7DAF80000FFF731FE4FF0FF30DFE768
:10BD0000A8E00020000000001CE00020000000006F
:10BD1000908200202DE9F04F404F87B003463868ED
:10BD200005930E46FFF712FE3D4BD3F800B0BBF172
:10BD3000000F44D0DBF80450DBF888A06C1E3ED422
:10BD40000AF180094B4601350BEB8505B046D94613
:10BD500056469B46B8F1000F37D1D9F804102A682F
:10BD6000386801920139A14216BF0023C9F8044086
:10BD70002B60FAB1D6F80431D6F80011039356F8C7
:10BD8000243002910493D9F804A0FFF7E7FD02994B
:10BD9000019A012303FA04F0084227D1904738683A
:10BDA000FFF7D4FDD9F8042052452CD11C4B1A685A
:10BDB0004A4530D1013C631CA5F10405CAD138685D
:10BDC00007B0BDE8F04FFFF7C9BD56B15BF82430AE
:10BDD0004345C2D0013C621CA5F10405EFD0002E02
:10BDE000F4D1013CEBD3013CFBD2E8E7039B1842C2
:10BDF0000ED1DDE9041090473868FFF7A7FDD9F8A8
:10BE000004205245D2D0064B4646D3F800B08EE708
:10BE100004989047C3E74646934688E790820020FF
:10BE2000A8E0002053B94AB9002908BF00281CBF68
:10BE30004FF0FF314FF0FF3000F05CB9ADF1080C6E
:10BE40006DE904CE00F006F8DDF804E0DDE9022338
:10BE500004B070472DE9F04786468C460846089E98
:10BE6000154674461946002B40F0C2808542B2FA4E
:10BE700082F245D94AB1C2F1200300FA02FC2EFA3F
:10BE800003F3954043EA0C0C94404FEA154EA8B2D8
:10BE9000BCFBFEF8230C0EFB18CC08FB00F943EAB0
:10BEA0000C43994528D9EB1808F1FF3704D299457E
:10BEB00002D9A8F102072B44A3EB0903A4B2B3FBF8
:10BEC000FEFC0EFB1C330CFB00F044EA0344A042D2
:10BED00014D92C190CF1FF3304D2A04202D9ACF1D1
:10BEE00002032C44241A43EA07401EB1D440002325
:10BEF00034607360BDE8F0874746DDE76346F1E7ED
:10BF000092BB431B01214FEA154EAFB2B3FBFEFCBF
:10BF1000200C0EFB1C330CFB07F840EA034398454A
:10BF200062D9EB180CF1FF3004D2984502D9ACF17C
:10BF300002002B44A3EB0803A4B2B3FBFEFC0EFBF0
:10BF40001C330CFB07F744EA0344A7424ED92C19D3
:10BF50000CF1FF3304D2A74202D9ACF102032C4406
:10BF6000E41B43EA0040C0E7C2F1200320FA03F1DA
:10BF7000954090402EFA03F303434FEA154EAFB2BB
:10BF8000B1FBFEFC0EFB1C10190C0CFB07F841EA80
:10BF90000041884504FA02F422D969180CF1FF30F7
:10BFA00004D2884502D9ACF102002944A1EB080172
:10BFB0009BB2B1FBFEFC0EFB1C110CFB07F743EA26
:10BFC00001439F420ED9EB180CF1FF3104D29F427E
:10BFD00002D9ACF102012B44DB1B41EA004192E79C
:10BFE0006046E3E76146F7E76046A3E76346B7E7E5
:10BFF000834206D916B9002108467BE7C6E900E06E
:10C00000F9E7B3FA83F78FB9834201D3724508D8B1
:10C01000BEEB020460EB030301209C461EB9002125
:10C0200068E73846FAE7C6E9004CF8E7C7F1200CA4
:10C03000BB4022FA0CF41C432EFA0CF120FA0CF34C
:10C04000B84001434FEA14490EFA07F5B3FBF9F87B
:10C050001FFA84FE09FB18300B0C08FB0EFA43EAAA
:10C0600000439A4502FA07F240D9E31808F1FF307D
:10C0700004D29A4502D9A8F102002344A3EB0A0393
:10C0800089B2B3FBF9F809FB183308FB0EFE41EA4D
:10C0900003418E452CD9611808F1FF3304D28E4537
:10C0A00002D9A8F10203214443EA0040A0FB029810
:10C0B000A1EB0E014145CE46434602D306D14D4584
:10C0C00004D2B9EB020E68EB04030138002EA6D0AF
:10C0D000B5EB0E0261EB030101FA0CFC22FA07F347
:10C0E0004CEA0303F940C6E9003198E74046C5E74A
:10C0F0004346D9E7704700BFFEE700BFF8B500BF71
:10C10000F8BC08BC9E467047F8B500BFF8BC08BC38
:10C110009E46704702000100000000000000000081
:10C120000338FDD870470010020000000000000036
:10C130000338FDD870470000000000000000000038
:10C140000338FDD87047000054950020000000001F
:10C150000000000000000000000000004164614495
:10C160004655004E696365204B6579626F61726464
:10C1700073006E696365216E616E6F00302E313120
:10C180002E30207331343020362E312E3100000015
:10C19000A096002023D1BCEA5F782315DEEF1212AF
:10C1A00000000000A0C000200904303132333435D3
:10C1B000363738394142434445464E696365204B22
:10C1C0006579626F61726473006E696365216E6187
:10C1D0006E6F006E52462053657269616C006E523C
:10C1E0004620554632004164616672756974006E7E
:10C1F00052462055463200EB3C905546322055467B
:10C20000322000020101000240000000F80201019A
:10C210000001000000000009010100800029420027
:10C2200042004E4943454E414E4F000000464154A6
:10C230003136202020000000494E464F5F554632DF
:10C2400054585400F8800020494E4445582020207E
:10C2500048544D0068C20F0043555252454E542079
:10C2600055463200000000003C21646F6374797011
:10C27000652068746D6C3E0A3C68746D6C3E3C626F
:10C280006F64793E3C7363726970743E0A6C6F63CD
:10C290006174696F6E2E7265706C616365282268C7
:10C2A000747470733A2F2F6E6963656B6579626F72
:10C2B000617264732E636F6D2F646F63732F6E6989
:10C2C00063652D6E616E6F22293B0A3C2F7363728A
:10C2D0006970743E3C2F626F64793E3C2F68746DC8
:10C2E0006C3E0A00536F66744465766963653A2054
:10C2F00000530020002E000D0A006E6F7420666F40
:10C30000756E640D0A000000A1A90F00F9A90F00C5
:10C3100029AA0F00D1AA0F0089AB0F00000000006E
:10C3200015AE0F0025AE0F0035AE0F00B5AE0F00F5
:10C33000D9AF0F00000000003031323334353637CA
:10C3400038396162636465666768696A6B6C6D6ED3
:10C350006F707172737475767778797A0000000067
:10C3600000000000DC7EFF7F01000000FFFFFFFFF8
:10C370007C7F00200090D003FF000000320000000E
:10C38000FFFF0000A57E0F00317E0F00A8C10F0047
:10C39000BAC10F00C9C10F0064C10020D3C10F0092
:10C3A000DEC10F0009024B000201008032080B00C1
:10C3B0000202020000090400000102020004052438
:10C3C00000200105240100010424020205240600C6
:10C3D000010705810308001009040100020A00009A
:10C3E0000007050202400000070582024000000924
:10C3F0000262000301008032080B0002020200000A
:10C4000009040000010202000405240020010524A3
:10C41000010001042402020524060001070581032E
:10C4200008001009040100020A00000007050202CA
:10C4300040000007058202400000090402000208D3
:10C44000065005070503024000000705830240006F
:10C450000012010002EF0201409A23B30000010123
:10C460000203010155463220426F6F746C6F6164A4
:10C47000657220302E31312E300D0A4D6F64656C9F
:10C480003A206E696365216E616E6F0D0A426F61BD
:10C4900072642D49443A206E524635323834302D7C
:10C4A0006E6963656E616E6F0D0A446174653A2052
:10C4B0004A756C20313620323032360D0A000000C9
:10C4C000000000000000000000000000000000006C
:10C4D000000000000000000000000000000000005C
:10C4E000000000000000000000000000000000004C
:10C4F000000000000000000000000000000000003C
:10C50000000000000000000000000000000000002B
:10C51000000000000000000000000000000000001B
:10C52000000000000000000000000000000000000B
:10C5300000000000000000000000000000000000FB
:10C5400000000000000000000000000000000000EB
:10C5500000000000000000000000000000000000DB
:10C5600000000000000000000000000000000000CB
:10C5700000000000000000000000000000000000BB
:10C5800000000000000000000000000000000000AB
:10C59000000000000000000000000000000000009B
:10C5A000000000000000000000000000000000008B
:10C5B000000000000000000000000000000000007B
:10C5C000000000000000000000000000000000006B
:10C5D000000000000000000000000000000000005B
:10C5E000000000000100000074C4002010000C00D6
:10C5F0000000E0FF1F0000000000000014E0002029
:08C6000025420F0001420F006A
:10D80000F1109E1E797A22200500000064000000BD
:10D81000CC00000000001000CD000000000004005B
:10D82000D0000000B3009A23D10000004028A5AD2D
:10D83000D2000000200000000000000000000000F6
:10D8400000000000000000000000000000000000D8
:08D850000000000000000000D0
:020000041000EA
:0810140000400F0000E00F0096
:00000001FF
